hex_id,total_sales,median_priceSF,median_size,median_vintage
8744c1000ffffff,9,192.9260450160772,1866.0,1975.0
8744c1001ffffff,17,140.2116402116402,2734.0,2018.5
8744c1002ffffff,12,156.72940523261786,1658.0,1973.0
8744c1003ffffff,13,148.38709677419354,2098.0,1999.0
8744c1004ffffff,2,148.14873280346023,1984.0,1995.0
8744c1005ffffff,11,172.37631184407795,2080.0,1993.0
8744c1006ffffff,11,170.66290550070522,2486.0,1992.0
8744c1008ffffff,24,93.63578088578089,1755.0,1958.0
8744c1009ffffff,79,142.00792602377808,1496.0,1989.0
8744c100affffff,2,2275.5279055186347,2075.0,2001.5
8744c100bffffff,3,77.35148514851485,3232.0,1956.0
8744c100cffffff,7,144.73045167557066,1404.0,2002.0
8744c100dffffff,21,125.0,1494.0,1986.0
8744c100effffff,15,160.25641025641025,1992.0,2016.0
8744c1010ffffff,17,159.26892950391644,1556.0,1976.0
8744c1011ffffff,20,164.22337304097266,1431.0,1973.0
8744c1012ffffff,5,163.17733990147784,1476.0,2003.0
8744c1013ffffff,31,130.75492831541217,1323.0,1978.0
8744c1014ffffff,56,,0.0,1999.5
8744c1015ffffff,9,1711.650478490296,1736.0,1998.0
8744c1016ffffff,11,125.66760917373549,2194.0,1993.0
8744c1018ffffff,9,181.54761904761904,672.0,2001.0
8744c1019ffffff,32,128.14234919842804,2632.5,2004.0
8744c101affffff,6,129.64993697146957,2299.5,2000.5
8744c101bffffff,4,187.93650793650795,2062.5,1980.5
8744c101cffffff,13,8186.034318398475,1674.0,1971.0
8744c101dffffff,6,174.30869706732835,2856.0,1996.5
8744c101effffff,37,140.6641604010025,1320.0,1985.0
8744c1020ffffff,2,495.02649840085905,1356.5,1980.5
8744c1021ffffff,11,145.0,1598.0,2002.0
8744c1022ffffff,10,165.10446046171523,2907.0,1999.0
8744c1023ffffff,32,146.39321990036876,1591.5,2001.0
8744c1024ffffff,5,174.96740547588004,2686.0,2016.0
8744c1025ffffff,4,151.3892567786313,1723.5,1979.0
8744c1026ffffff,6,179.41846020886783,2819.5,1997.0
8744c1028ffffff,4,92.86857647513385,2835.0,1987.0
8744c1029ffffff,24,138.36105687882338,1705.0,1986.0
8744c102affffff,1,192.92212041884815,1528.0,
8744c102bffffff,9,116.5351506456241,2788.0,2003.0
8744c102cffffff,16,126.42311067413408,2075.0,1999.0
8744c102dffffff,18,,480.0,2000.0
8744c102effffff,26,160.52362662532153,1648.5,1998.0
8744c1030ffffff,1,201.69851380042465,1884.0,1983.0
8744c1031ffffff,6,171.3925875517696,2618.0,1999.5
8744c1032ffffff,28,158.94200436787187,1346.0,1974.0
8744c1033ffffff,15,161.72506738544473,1328.0,1985.5
8744c1034ffffff,7,151.97876447876448,2199.0,1997.0
8744c1035ffffff,2,82.13103376838617,2137.0,1974.0
8744c1036ffffff,23,150.34364261168386,2108.0,1978.5
8744c1040ffffff,53,150.6024096385542,1790.0,1986.0
8744c1041ffffff,34,150.95126718457323,1683.0,1972.0
8744c1042ffffff,72,136.25343182275833,1699.0,1982.0
8744c1043ffffff,48,163.03559864294067,1720.0,1976.0
8744c1044ffffff,49,140.07421150278293,1612.0,1971.0
8744c1045ffffff,41,145.44456641053787,1682.0,1979.0
8744c1046ffffff,57,140.9687641466727,2040.0,1981.0
8744c1048ffffff,23,205.3571428571429,1584.0,1967.5
8744c1049ffffff,24,280.8035099745843,2011.5,1970.0
8744c104affffff,43,190.63706563706563,1594.0,1974.0
8744c104bffffff,57,221.7741935483871,1795.0,1968.0
8744c104cffffff,42,147.546600877193,1229.0,1970.0
8744c104dffffff,46,274.03546842070557,1412.0,1965.0
8744c104effffff,37,146.6259298618491,1772.0,1974.0
8744c1050ffffff,28,154.21585424458328,1878.0,2001.5
8744c1051ffffff,34,152.72314535695904,1841.5,1985.5
8744c1052ffffff,32,129.46904525800232,1857.5,1988.0
8744c1053ffffff,22,127.90490209197554,2066.0,1977.5
8744c1054ffffff,34,124.13484486873509,1883.5,1986.0
8744c1055ffffff,48,126.86976786872701,1674.0,1985.5
8744c1056ffffff,32,126.36540679928993,2330.5,1995.5
8744c1058ffffff,29,193.37016574585635,1428.0,1968.0
8744c1059ffffff,5,188.5014137606032,4610.0,1983.0
8744c105affffff,3,118.52776044915782,3206.0,1979.0
8744c105bffffff,8,145.11752292326858,3200.5,1975.0
8744c105cffffff,70,157.262119920574,1445.0,1974.0
8744c105dffffff,35,149.23611111111111,1510.0,1972.5
8744c105effffff,4,110.1644711120988,1975.0,1986.0
8744c1060ffffff,73,122.03636363636365,1955.0,1968.0
8744c1061ffffff,89,161.17969821673526,1380.0,1955.0
8744c1062ffffff,65,144.60154241645245,1482.0,1968.0
8744c1063ffffff,57,159.33098591549296,1352.0,1961.0
8744c1064ffffff,51,142.45585874799357,1972.0,1971.5
8744c1065ffffff,57,144.6945337620579,1542.0,1960.0
8744c1066ffffff,34,132.47121777791585,1765.0,1967.0
8744c1068ffffff,49,289.38097634625063,1772.0,1968.0
8744c1069ffffff,75,299.08256880733944,1355.0,1968.0
8744c106affffff,43,212.7659574468085,1744.0,1994.5
8744c106bffffff,69,232.79352226720647,1138.0,1959.5
8744c106cffffff,68,260.77642002359687,1351.0,1954.0
8744c106dffffff,64,379.85617457430976,1596.5,1989.0
8744c106effffff,59,189.09235668789808,1175.0,1954.0
8744c1070ffffff,18,154.24307104709104,1863.0,1995.0
8744c1071ffffff,47,138.18897637795277,1916.0,1992.0
8744c1072ffffff,84,166.89395666061398,1500.5,1996.0
8744c1073ffffff,69,140.95536413469068,1515.0,1983.0
8744c1074ffffff,28,111.71328175004646,1885.0,1981.0
8744c1075ffffff,40,130.20833333333334,1752.0,1989.0
8744c1076ffffff,71,116.93524590163936,1432.0,1999.0
8744c1081ffffff,2,137.97905217277219,2800.0,2001.5
8744c108dffffff,5,256.78650036683786,1653.0,1984.0
8744c108effffff,2,539.1033060303894,1480.0,1971.5
8744c10a0ffffff,3,148.59437751004015,3602.0,2005.0
8744c10a1ffffff,5,149.15019077349982,1377.0,1998.0
8744c10a4ffffff,1,133.184855233853,2245.0,1972.0
8744c10a5ffffff,20,,517.0,1978.5
8744c10a8ffffff,12,145.01705162975628,1416.5,1992.0
8744c10a9ffffff,9,143.84656366542356,1300.0,1973.5
8744c10aaffffff,5,142.70420301348136,1653.0,1992.0
8744c10abffffff,2,103.89723076923077,1225.0,1974.5
8744c10acffffff,16,129.19010865775164,2235.0,1984.5
8744c10adffffff,18,145.29122749231445,1370.0,1977.5
8744c10aeffffff,9,155.24193548387098,2610.0,2016.0
8744c10c0ffffff,24,161.96138949406924,2360.0,2002.0
8744c10c1ffffff,34,168.29090108590438,1732.0,1986.0
8744c10c2ffffff,26,165.58909989062158,1969.0,1997.5
8744c10c3ffffff,42,164.59181374993966,1798.0,1986.0
8744c10c4ffffff,42,168.83125564414792,2008.5,2000.0
8744c10c5ffffff,17,136.59073506891272,1862.0,1987.0
8744c10c6ffffff,22,156.67115168881435,2607.5,1993.0
8744c10c8ffffff,29,186.8374558303887,2264.0,1983.0
8744c10c9ffffff,26,170.4933960422489,2755.0,1982.0
8744c10caffffff,28,176.08130709015433,2400.0,1989.5
8744c10cbffffff,33,182.34753294514252,2091.0,1983.5
8744c10ccffffff,29,178.42493847415915,1737.0,1980.0
8744c10cdffffff,19,174.7787610619469,2260.0,1978.0
8744c10ceffffff,31,189.3617021276596,1841.0,1988.0
8744c10d0ffffff,5,144.1351888667992,3316.0,2002.0
8744c10d1ffffff,9,140.9107206884188,2870.0,2003.0
8744c10d2ffffff,3,145.8424031345233,2297.0,2005.0
8744c10d3ffffff,11,153.6050156739812,2428.0,2006.0
8744c10d4ffffff,2,187.17828844003824,2645.5,2001.5
8744c10d5ffffff,14,151.29972812517337,2846.5,1994.5
8744c10d8ffffff,27,164.43361753958587,1854.0,1986.0
8744c10d9ffffff,31,182.42933537051184,2277.0,1976.0
8744c10daffffff,34,162.37284054655993,2103.0,1995.5
8744c10dbffffff,34,194.12325510986284,2135.0,1989.0
8744c10dcffffff,16,156.7646627792176,2143.5,1989.0
8744c10ddffffff,29,168.95674300254453,1932.0,1984.5
8744c10deffffff,24,151.036866359447,2272.0,1992.0
8744c10e0ffffff,2,87.9835589941973,2068.0,1978.0
8744c10e1ffffff,47,142.36111111111111,2052.0,1993.0
8744c10e2ffffff,26,186.26414586606157,1481.0,1989.0
8744c10e3ffffff,5,112.17948717948718,2612.0,1987.5
8744c10e4ffffff,30,154.33462175593593,1988.0,2002.0
8744c10e5ffffff,17,149.63707426018985,2526.0,2004.0
8744c10e6ffffff,4,130.90827063135544,2413.0,1992.0
8744c10e8ffffff,27,151.82054616384914,2020.0,1984.0
8744c10e9ffffff,20,208.64416280416043,1705.0,1977.0
8744c10eaffffff,19,145.27127186480877,3052.0,1985.0
8744c10ebffffff,27,160.69975589910496,2302.0,1982.0
8744c10ecffffff,33,137.27560718057023,2455.0,1994.0
8744c10edffffff,3,125.13865779256794,3606.0,2011.0
8744c10eeffffff,22,164.48841840283444,2458.5,1987.0
8744c10f1ffffff,29,161.9718309859155,1870.0,1996.0
8744c10f2ffffff,3,170.28772753963594,1924.0,1960.0
8744c10f3ffffff,31,172.41379310344828,2204.0,2005.5
8744c10f4ffffff,4,141.7269439421338,1559.0,1978.0
8744c10f5ffffff,8,158.3826712503183,1237.5,1994.5
8744c10f6ffffff,10,284.4611181168558,1670.5,1977.0
8744c1100ffffff,11,240.96385542168676,2393.0,2006.0
8744c1101ffffff,19,,0.0,1987.5
8744c1102ffffff,4,228.16643804298124,2187.0,1971.0
8744c1103ffffff,8,140.27670191073986,2415.0,1999.0
8744c1104ffffff,12,,0.0,1996.0
8744c1105ffffff,4,275.81686930091183,2902.0,2000.0
8744c1106ffffff,16,162.33162734058942,2764.0,1994.5
8744c1108ffffff,6,157.99101811447045,1780.5,1989.5
8744c1109ffffff,5,138.41346153846155,2080.0,1999.5
8744c110affffff,5,149.46619217081852,2039.0,1992.5
8744c110bffffff,9,158.7301587301587,1757.0,2001.0
8744c110cffffff,5,142.03675344563553,2916.0,1992.0
8744c110dffffff,16,182.48312676267034,1741.5,1991.0
8744c110effffff,10,164.67367392730097,2338.0,1997.0
8744c1110ffffff,1,216.021602160216,1111.0,1990.0
8744c1111ffffff,11,160.17972350230414,2302.0,2001.0
8744c1113ffffff,6,,0.0,2000.5
8744c1114ffffff,4,120.22403258655805,2556.0,1996.0
8744c1115ffffff,8,168.4256707165453,2007.0,1997.5
8744c1116ffffff,3,227.84380305602716,2945.0,2001.0
8744c1118ffffff,1,87.64227642276423,3690.0,1994.0
8744c1119ffffff,6,238.93819360877126,1850.5,1973.5
8744c111affffff,3,149.24270410048024,3075.0,1986.0
8744c111cffffff,19,187.7496671105193,2268.0,1999.5
8744c111dffffff,9,152.56959314775162,2523.0,1996.0
8744c111effffff,12,166.05728214503353,1948.5,1995.5
8744c1120ffffff,31,185.45697131420948,1542.0,1998.5
8744c1121ffffff,20,150.31041321363904,1881.5,1998.0
8744c1122ffffff,30,151.58330582150325,2347.5,2006.0
8744c1123ffffff,14,188.73567241266403,2533.0,1999.0
8744c1124ffffff,44,177.47577196691088,1216.0,1997.0
8744c1125ffffff,52,158.46749097800495,1787.0,2002.0
8744c1126ffffff,22,171.09638648752522,2280.5,1990.0
8744c1128ffffff,22,158.86884907164153,2193.0,1998.0
8744c1129ffffff,8,124.23547400611619,1388.0,1973.0
8744c112affffff,8,153.09566121731933,1766.0,1986.0
8744c112bffffff,34,8206.522412222139,708.0,1992.5
8744c112cffffff,63,,0.0,2000.0
8744c112dffffff,24,156.93192982666983,3130.5,1996.0
8744c112effffff,16,151.3006804024433,2720.5,2002.5
8744c1130ffffff,15,155.0667147493689,2016.0,1994.5
8744c1131ffffff,8,157.2809812847749,2317.0,1996.0
8744c1132ffffff,14,204.97755652308717,2426.5,2000.0
8744c1133ffffff,7,137.69889840881274,3268.0,2020.0
8744c1134ffffff,7,194.3127962085308,1843.0,1992.0
8744c1135ffffff,30,162.76403961047367,2538.5,2014.0
8744c1136ffffff,21,175.62724014336916,2630.0,2004.0
8744c1140ffffff,14,162.67702967644516,1534.0,1984.0
8744c1141ffffff,14,168.00142967974497,2131.5,2001.0
8744c1142ffffff,21,154.90096495683088,1586.0,1978.0
8744c1143ffffff,13,138.34635416666666,1920.0,1998.0
8744c1144ffffff,23,151.73410404624278,1816.0,1987.5
8744c1145ffffff,17,141.61220043572985,2077.0,2001.0
8744c1146ffffff,12,158.11011151303993,1752.0,1987.5
8744c1148ffffff,35,143.21608040201005,1792.0,1996.0
8744c1149ffffff,16,111.51479468599034,1706.0,1967.5
8744c114affffff,55,131.10047846889952,1579.0,2000.0
8744c114bffffff,17,77.39938080495357,1292.0,2005.0
8744c114cffffff,13,129.2207792207792,2056.0,1999.0
8744c114dffffff,38,126.6832167306101,2032.0,1993.0
8744c114effffff,28,130.03768695666355,1726.5,1997.5
8744c1150ffffff,2,122.1272554605888,1792.5,1970.0
8744c1151ffffff,8,183.79601757085203,1617.5,1989.5
8744c1152ffffff,3,297.2012438916037,1846.0,1955.0
8744c1153ffffff,3,103.7117903930131,1832.0,1985.0
8744c1154ffffff,9,138.44714686623013,2138.0,1992.5
8744c1155ffffff,15,152.8117359413203,1636.0,1985.0
8744c1156ffffff,2,159.2560128557579,1772.0,1969.5
8744c1158ffffff,37,151.26050420168067,1780.0,1989.0
8744c1159ffffff,53,127.79552715654953,1816.0,1973.0
8744c115affffff,28,132.52886732411505,1860.0,1990.0
8744c115bffffff,23,116.869918699187,1968.0,1979.5
8744c115cffffff,20,122.4128264814961,2924.0,2001.5
8744c115dffffff,27,135.78222367989505,1741.0,1986.5
8744c115effffff,8,134.43648379809832,3911.0,1995.0
8744c1160ffffff,44,155.32830869086422,1446.5,1991.0
8744c1161ffffff,59,150.0,1698.0,1987.5
8744c1162ffffff,22,137.22993973691874,1808.0,2000.5
8744c1163ffffff,40,155.1345536790742,1724.0,1990.0
8744c1164ffffff,17,101.80995475113122,1378.0,1987.0
8744c1165ffffff,59,136.83010262257696,1410.0,1973.0
8744c1166ffffff,15,142.73356401384083,1458.0,1987.0
8744c1168ffffff,6,165.21549353041064,1225.0,1955.5
8744c1169ffffff,19,145.78833693304534,1414.0,1988.0
8744c116affffff,7,,0.0,1981.0
8744c116bffffff,29,146.47131654973174,2323.0,2004.0
8744c116cffffff,27,168.43501326259948,1367.0,1985.0
8744c116dffffff,11,159.22131147540983,1464.0,2009.0
8744c116effffff,10,169.527503021953,1664.5,1999.0
8744c1170ffffff,22,160.39695890914044,1577.5,1986.0
8744c1171ffffff,13,141.95298372513562,1949.0,1985.0
8744c1172ffffff,12,179.04330572808834,1615.5,1982.0
8744c1173ffffff,28,164.9580792682927,1333.5,1987.0
8744c1174ffffff,18,168.10985918823377,1402.5,1987.0
8744c1175ffffff,17,160.91438816674136,1832.0,1980.0
8744c1176ffffff,15,179.17205692108666,1502.0,1968.0
8744c1188ffffff,12,128.8093220338983,2014.5,1976.0
8744c1189ffffff,14,145.78022014788047,2831.5,1996.0
8744c118bffffff,53,,0.0,2001.0
8744c118cffffff,2,132.8351701407535,3060.0,1995.5
8744c118dffffff,17,179.82456140350877,1441.0,1990.0
8744c11a4ffffff,7,161.083984375,2799.0,2016.0
8744c11a5ffffff,2,217.55376058069703,1873.0,1996.0
8744c11a8ffffff,4,178.22429028012783,1570.5,1982.5
8744c11a9ffffff,26,156.57099441416662,1675.0,1987.0
8744c11aaffffff,1,136.34408602150538,2325.0,1993.0
8744c11abffffff,18,146.1468518978789,1858.0,1983.0
8744c11adffffff,13,159.89280928986153,2220.0,1977.0
8744c1200ffffff,31,257.5342465753425,2380.0,1983.0
8744c1201ffffff,27,291.6869227029655,2178.0,2017.0
8744c1202ffffff,30,265.0556149369195,2885.0,1993.0
8744c1203ffffff,34,,0.0,2006.0
8744c1204ffffff,33,305.7729941291585,2044.0,1992.0
8744c1205ffffff,25,232.17741935483872,1280.0,1983.0
8744c1206ffffff,27,241.84879971336437,3020.0,1988.0
8744c1208ffffff,31,318.89370209930024,2341.0,1988.0
8744c1209ffffff,17,374.4423199490122,2328.0,1993.0
8744c120affffff,63,416.4067373674361,1868.0,1994.5
8744c120bffffff,8,336.1171219958212,4637.5,1994.0
8744c120cffffff,28,257.7945524546924,1932.0,1998.0
8744c120dffffff,23,262.82590412111017,2716.0,1990.0
8744c120effffff,74,556.4591427969037,1218.0,2005.0
8744c1210ffffff,13,275.33398501140437,3490.0,1992.0
8744c1211ffffff,35,276.90371302706103,2863.0,1990.0
8744c1212ffffff,20,264.5329849771391,3063.0,1990.0
8744c1213ffffff,47,277.5963422599608,1994.0,1992.0
8744c1214ffffff,22,262.5790677626396,3498.0,1993.0
8744c1215ffffff,14,338.34501628496923,4046.0,1993.5
8744c1216ffffff,13,308.6666666666667,3000.0,1987.0
8744c1218ffffff,12,272.7708573876386,2709.0,1996.0
8744c1219ffffff,33,259.8540145985401,1566.0,2001.0
8744c121affffff,26,353.2712861048677,2810.0,1992.0
8744c121bffffff,18,243.8439456449612,1937.5,2006.5
8744c121cffffff,21,273.48325134691964,3184.0,2001.0
8744c121dffffff,78,762.6923076923077,1293.0,1983.0
8744c121effffff,30,284.5059592464437,2919.0,1994.5
8744c1220ffffff,9,292.0418593331711,3273.0,1978.0
8744c1221ffffff,43,213.4986225895317,1326.0,1983.0
8744c1222ffffff,19,284.6299810246679,3027.0,1986.0
8744c1223ffffff,39,245.679012345679,2000.0,1980.0
8744c1224ffffff,37,306.52741514360315,2504.0,1973.5
8744c1225ffffff,26,231.9285176378634,1767.5,1985.0
8744c1226ffffff,26,259.5339208318336,3000.5,1982.5
8744c1228ffffff,42,309.5238095238095,1740.5,1983.0
8744c1229ffffff,26,294.65853706663506,2092.0,1987.5
8744c122affffff,27,260.71842410196984,1550.0,1984.0
8744c122bffffff,22,288.1662264662061,2285.5,1982.0
8744c122cffffff,34,354.55445014976465,1527.0,1980.0
8744c122dffffff,23,364.03508771929825,1920.0,1976.5
8744c122effffff,17,268.9243027888446,2040.0,1994.0
8744c1230ffffff,18,199.04121068717342,3057.0,1983.0
8744c1231ffffff,57,265.3631284916201,1598.0,1986.0
8744c1232ffffff,23,258.3777012214219,2827.0,1982.0
8744c1233ffffff,11,242.88840262582056,2878.0,1984.0
8744c1234ffffff,20,213.11475409836066,2311.0,1982.0
8744c1235ffffff,15,295.3044754218635,3379.0,1986.0
8744c1236ffffff,55,186.89151599443673,2244.0,1982.0
8744c1240ffffff,7,259.0194920259894,3386.0,2017.5
8744c1241ffffff,11,200.4716981132075,3331.0,2015.0
8744c1242ffffff,3,324.26646706586826,1670.0,1958.5
8744c1243ffffff,31,207.881417208966,2620.0,2017.0
8744c1244ffffff,9,245.96560846560843,1512.0,1994.5
8744c1245ffffff,9,223.76378512984704,2592.0,2006.0
8744c1246ffffff,9,195.99697885196375,2100.0,1984.5
8744c1248ffffff,24,219.12052117263843,2123.0,2016.0
8744c1249ffffff,9,233.47324239244492,1906.0,2004.0
8744c124affffff,8,494.6638634581897,3084.0,2019.0
8744c124bffffff,3,185.4091092301491,2051.0,2000.0
8744c124cffffff,43,200.06506180871827,2657.0,2011.0
8744c124dffffff,12,214.38418535991354,2447.5,1998.5
8744c124effffff,35,239.23444976076556,2397.0,2019.0
8744c1250ffffff,5,336.0089602389397,4667.0,2002.0
8744c1252ffffff,3,684.2923794712286,3215.0,1986.0
8744c1253ffffff,10,,646.0,1986.0
8744c1254ffffff,7,311.5483719840712,5038.0,2005.0
8744c1255ffffff,7,208.11380400421496,1898.0,1987.0
8744c1256ffffff,14,467.98165694849365,4669.5,2013.0
8744c1258ffffff,14,229.8171114220914,2038.0,1975.0
8744c1259ffffff,16,221.48564046328946,3870.5,2011.5
8744c125affffff,7,246.9181459566075,2598.0,1995.0
8744c125bffffff,16,191.7285686213283,2260.5,2004.0
8744c125cffffff,4,,597.0,1989.0
8744c125dffffff,4,225.41919034470473,3184.0,1998.0
8744c125effffff,6,1095.9028023400942,2179.5,1986.0
8744c1260ffffff,42,230.47678814532904,1878.0,2003.0
8744c1261ffffff,30,226.9270544032442,1790.0,2003.0
8744c1262ffffff,22,216.85476292626916,3847.0,1997.0
8744c1263ffffff,27,157.10401381096244,5879.0,1978.0
8744c1264ffffff,37,242.79973208305427,2692.0,2004.5
8744c1265ffffff,49,230.5943488145502,1776.0,2004.5
8744c1266ffffff,22,218.30193941983572,2062.5,1991.5
8744c1268ffffff,11,188.9233954451346,1990.0,1987.0
8744c1269ffffff,17,237.59791122715404,1209.0,1986.0
8744c126affffff,14,175.56413906264612,4048.5,1998.0
8744c126bffffff,15,231.66666666666663,1572.0,1985.0
8744c126cffffff,22,218.89884146207922,1780.5,1984.0
8744c126dffffff,39,205.41958041958043,1995.0,2013.0
8744c126effffff,19,227.5219298245614,1864.0,1985.0
8744c1270ffffff,11,309.1073582629674,3679.0,1985.0
8744c1271ffffff,11,350.7619548081976,4241.0,2005.0
8744c1272ffffff,22,326.3587430384932,3482.0,2002.5
8744c1273ffffff,5,341.9972640218878,2954.0,1998.0
8744c1274ffffff,29,237.19148936170217,2350.0,2002.0
8744c1275ffffff,26,323.5512301978056,2308.5,1984.0
8744c1276ffffff,24,292.68483709273187,2336.5,1993.5
8744c1280ffffff,11,241.40318486037387,2678.0,2010.0
8744c1281ffffff,23,230.6758397409955,2719.0,2005.0
8744c1282ffffff,31,282.70309390265965,4070.0,2000.0
8744c1283ffffff,19,270.60005742176287,3330.0,1996.0
8744c1284ffffff,18,289.72192513368987,2184.0,2016.0
8744c1285ffffff,21,270.60270602706026,3680.0,2003.5
8744c1286ffffff,25,233.12611012433393,2671.0,1999.0
8744c1288ffffff,18,249.97520072270015,2986.5,2000.0
8744c1289ffffff,28,275.468830907541,2422.5,2003.0
8744c128affffff,21,233.6534064929127,2684.0,2007.0
8744c128bffffff,13,240.71603677221657,2918.0,2001.0
8744c128cffffff,26,270.0474338417981,3556.5,2000.0
8744c128dffffff,20,270.03665892711274,2380.0,1998.0
8744c128effffff,14,244.64169502240568,2569.0,1994.5
8744c1290ffffff,20,220.4049603687846,2894.0,1999.5
8744c1291ffffff,32,229.3137500673172,2836.5,2005.0
8744c1292ffffff,26,201.92161082012063,3243.0,2001.0
8744c1293ffffff,27,205.2129221732746,2289.0,2005.0
8744c1294ffffff,13,187.0748299319728,2180.0,1998.0
8744c1295ffffff,51,253.47043701799487,2260.0,2008.0
8744c1296ffffff,20,202.67053067472142,2398.5,1997.0
8744c1298ffffff,37,228.61230329041487,2968.0,2002.0
8744c1299ffffff,9,281.48148148148147,3776.0,2002.0
8744c129affffff,52,203.70990566037736,2129.5,1995.5
8744c129bffffff,10,192.3347266655769,2247.0,2004.5
8744c129cffffff,18,215.6040268456376,2980.0,1999.0
8744c129dffffff,12,294.81233370495863,3042.5,1998.0
8744c129effffff,28,238.53782505942948,2170.0,2001.0
8744c12a0ffffff,63,237.76223776223776,1955.0,2000.0
8744c12a1ffffff,24,272.839058524173,3100.0,1995.0
8744c12a2ffffff,39,224.53703703703704,2270.0,1997.0
8744c12a3ffffff,10,268.83412343229134,3187.0,1999.5
8744c12a4ffffff,27,203.50657482780213,1888.0,1993.0
8744c12a5ffffff,24,233.4644189124158,4398.0,1992.0
8744c12a6ffffff,42,222.00013589603788,2494.0,1988.0
8744c12a8ffffff,32,277.97779080948857,2638.0,1995.0
8744c12a9ffffff,36,274.61943488687314,3079.0,1993.0
8744c12aaffffff,16,257.4659212865171,3076.5,2002.0
8744c12abffffff,42,277.0960399916578,2627.5,1997.0
8744c12acffffff,34,283.40849829714773,2210.0,1989.5
8744c12adffffff,24,281.84602215826555,2480.0,1992.0
8744c12aeffffff,15,297.11622487620156,3260.0,2016.0
8744c12b0ffffff,22,198.92483594492427,2870.0,2001.0
8744c12b1ffffff,33,209.147771696638,2584.0,2001.0
8744c12b2ffffff,17,234.56530869382613,2381.0,1997.5
8744c12b3ffffff,27,244.3332352075361,2000.0,2005.0
8744c12b4ffffff,12,237.07796389939443,3723.0,2005.0
8744c12b5ffffff,22,240.3295754736578,3384.5,1999.5
8744c12b6ffffff,21,183.17757009345792,3040.0,2000.0
8744c12c0ffffff,11,277.6834239130435,2356.0,1997.0
8744c12c1ffffff,20,285.7402031930334,2389.0,1994.0
8744c12c2ffffff,41,302.3758099352052,2636.0,2006.0
8744c12c3ffffff,20,237.67245163646842,3471.0,2003.0
8744c12c4ffffff,47,,0.0,2022.0
8744c12c5ffffff,12,452.2938514283003,4534.0,2010.5
8744c12c6ffffff,17,254.48477263245724,2397.0,2004.5
8744c12c8ffffff,2,281.3365841243399,2550.0,1999.0
8744c12c9ffffff,2,291.8097199969482,2101.0,1945.5
8744c12caffffff,15,421.9409282700422,1574.0,1977.0
8744c12cbffffff,7,306.75657807748246,1322.0,1999.0
8744c12ccffffff,6,201.42297274243055,3542.5,2001.0
8744c12cdffffff,2,147.922149122807,5596.0,2004.5
8744c12ceffffff,11,247.88826072497503,3007.0,2004.0
8744c12d0ffffff,37,242.7549868272488,1887.0,2005.0
8744c12d1ffffff,31,317.7405119152692,2917.0,1996.0
8744c12d2ffffff,16,207.51199321887174,1975.0,2003.0
8744c12d3ffffff,11,280.3030303030303,2427.0,2001.0
8744c12d4ffffff,25,236.9146005509642,2046.0,2009.0
8744c12d5ffffff,27,269.8863636363636,3425.0,2016.0
8744c12d6ffffff,20,297.69191952037886,2505.0,2020.0
8744c12d8ffffff,11,224.17153996101365,3478.0,2017.0
8744c12d9ffffff,12,232.790206474417,2748.0,2006.5
8744c12daffffff,15,240.4210925644917,2504.0,1995.0
8744c12dbffffff,8,254.29134699087402,2108.5,2019.0
8744c12dcffffff,22,239.2111706612434,3376.5,2010.0
8744c12ddffffff,21,254.8283261802575,2425.0,2006.0
8744c12deffffff,24,267.19346725867047,2366.0,2002.0
8744c12e0ffffff,11,395.5328059562587,2914.0,1994.0
8744c12e1ffffff,14,476.97488500247977,3778.0,1997.0
8744c12e2ffffff,22,241.7668565183874,3520.0,2004.5
8744c12e3ffffff,14,382.7578138920428,2423.0,1998.0
8744c12e4ffffff,5,319.93857179421553,3907.0,1991.0
8744c12e5ffffff,6,974.5425753599859,2338.0,2002.0
8744c12e6ffffff,29,279.72027972027973,1956.0,1999.0
8744c12e8ffffff,11,344.55445544554453,3684.0,2013.0
8744c12e9ffffff,10,4412.753729518219,1443.5,1950.0
8744c12eaffffff,2,456.26141358883746,5795.5,2009.5
8744c12ebffffff,2,255.68104608795068,2103.0,1998.5
8744c12ecffffff,14,318.81935685987344,4267.0,1997.5
8744c12edffffff,7,325.86325177223875,3553.0,2006.0
8744c12eeffffff,8,342.05972339512414,2494.5,1996.0
8744c12f0ffffff,12,250.41149237253308,3111.5,2014.0
8744c12f1ffffff,18,245.347732520436,1854.0,2004.0
8744c12f2ffffff,22,265.4379946909734,3527.0,2004.5
8744c12f3ffffff,8,337.6214077547577,1938.5,1995.5
8744c12f4ffffff,24,281.254331045537,2577.0,2009.0
8744c12f5ffffff,21,242.87564766839375,2164.0,2001.0
8744c12f6ffffff,4,282.5006088156506,2906.0,1998.5
8744c1300ffffff,42,414.50313745788725,2379.0,1984.0
8744c1301ffffff,30,287.774676455506,2968.0,1988.0
8744c1302ffffff,48,322.9694890794147,1243.0,2004.5
8744c1303ffffff,57,334.36213991769546,2144.0,1971.0
8744c1304ffffff,96,433.8657751908886,1607.0,1999.0
8744c1305ffffff,45,385.01381215469615,2523.0,1987.0
8744c1306ffffff,62,361.79465871767286,1749.0,1968.5
8744c1308ffffff,60,286.9108870598074,1915.0,2000.5
8744c1309ffffff,58,246.55032467532467,1921.0,1968.0
8744c130affffff,48,327.96461296829756,2379.0,1995.5
8744c130bffffff,43,233.59375,2120.0,1979.0
8744c130cffffff,51,282.05128205128204,1700.0,1985.0
8744c130dffffff,46,299.47963172411056,1925.0,1985.5
8744c130effffff,26,220.734126984127,1347.5,2005.0
8744c1310ffffff,11,301.99764982373677,2553.0,1973.0
8744c1311ffffff,29,260.4166666666667,1588.0,1956.0
8744c1312ffffff,39,204.58104933437744,2072.0,1967.0
8744c1313ffffff,21,213.50931677018633,1694.0,1963.0
8744c1314ffffff,38,302.5247507284542,2064.0,1963.0
8744c1315ffffff,43,226.92307692307693,1320.0,1960.0
8744c1316ffffff,42,212.7489835314666,2117.0,1968.5
8744c1318ffffff,44,266.55835174618346,1951.5,1971.0
8744c1319ffffff,33,285.7498754359741,2645.0,1971.0
8744c131affffff,27,207.0967741935484,1446.0,1973.0
8744c131bffffff,37,257.4257425742574,2436.0,1970.0
8744c131cffffff,46,397.24474183120014,1421.5,1959.0
8744c131dffffff,46,299.8011013171141,2045.0,2001.0
8744c131effffff,19,236.44444444444449,1531.0,1964.0
8744c1320ffffff,85,254.42477876106196,1536.0,1985.0
8744c1321ffffff,101,357.4313408723748,1347.0,2004.0
8744c1322ffffff,86,363.5695732704792,1652.0,1996.0
8744c1323ffffff,107,340.0,1303.0,1995.5
8744c1324ffffff,65,366.0477453580902,1750.0,1960.0
8744c1325ffffff,193,403.0373831775701,1260.0,1988.0
8744c1326ffffff,67,339.1551584077985,1644.0,1952.0
8744c1328ffffff,21,480.7692307692308,2850.0,1964.0
8744c1329ffffff,14,319.76258499039886,4419.0,1984.0
8744c132affffff,50,377.48445845372555,1966.5,1969.0
8744c132bffffff,35,296.0,2484.0,1981.0
8744c132cffffff,16,580.7534919454718,4200.5,1963.0
8744c132dffffff,17,502.55847953216374,4543.0,1981.0
8744c132effffff,59,382.7386398292162,1875.0,1971.0
8744c1330ffffff,35,309.7287428273344,2129.0,1961.0
8744c1331ffffff,22,308.3188543730149,1492.0,1962.0
8744c1332ffffff,55,295.5357142857143,1907.0,1963.0
8744c1333ffffff,45,330.35714285714283,2112.0,1961.0
8744c1334ffffff,66,316.40920256991683,1503.0,1981.0
8744c1335ffffff,44,288.540536987742,2101.0,1974.0
8744c1336ffffff,40,308.4587620949163,1350.5,1964.0
8744c1340ffffff,37,260.77097505668934,2404.0,1979.0
8744c1341ffffff,55,234.9290780141844,2107.0,1980.0
8744c1342ffffff,39,278.55153203342616,3016.0,1987.0
8744c1343ffffff,55,249.63556851311952,2244.0,1981.0
8744c1344ffffff,38,273.13897450006334,2624.0,1987.0
8744c1345ffffff,48,264.68745447851154,2324.0,1984.0
8744c1346ffffff,42,329.0746561738965,2316.0,1978.5
8744c1348ffffff,54,277.5733940597525,1790.0,1987.0
8744c1349ffffff,50,234.69153759467463,1758.0,1985.0
8744c134affffff,59,259.4142259414226,2836.0,1987.0
8744c134bffffff,56,260.7598998928743,1643.0,1984.5
8744c134cffffff,39,210.42830540037244,2020.0,1988.0
8744c134dffffff,33,244.78856462179868,1749.0,1980.5
8744c134effffff,36,294.8477694681699,2057.0,1981.0
8744c1350ffffff,19,296.5250965250965,2731.0,1979.0
8744c1351ffffff,36,299.8383820243688,2650.0,1985.0
8744c1352ffffff,13,214.25932766900627,2707.0,1979.5
8744c1353ffffff,26,274.393756698821,2742.5,1995.0
8744c1354ffffff,53,254.10628019323673,1728.0,1980.0
8744c1355ffffff,35,264.9527806925498,2632.0,1982.0
8744c1356ffffff,12,201.9199412247591,1369.0,1991.0
8744c1358ffffff,46,256.0062752698844,2567.0,1984.0
8744c1359ffffff,39,262.3048094940662,2568.0,1987.0
8744c135affffff,17,293.04769603880356,2916.0,1977.0
8744c135bffffff,19,261.1940298507463,2656.0,1984.0
8744c135cffffff,67,275.3303964757709,2731.0,1986.0
8744c135dffffff,48,273.8650268660542,1953.0,1981.0
8744c135effffff,18,268.06372744637486,3084.0,1992.5
8744c1360ffffff,61,240.55555555555551,1381.0,1958.0
8744c1361ffffff,34,206.3561142133701,1333.0,1963.5
8744c1362ffffff,56,242.47458029090717,2548.0,1974.0
8744c1363ffffff,38,257.99587738546444,1938.0,1974.5
8744c1364ffffff,25,166.22340425531914,1310.0,1973.0
8744c1365ffffff,51,214.67391304347825,1167.0,1982.0
8744c1366ffffff,79,232.02911737943583,1728.0,1974.0
8744c1368ffffff,56,236.93185034244638,1657.5,1984.0
8744c1369ffffff,51,230.8673469387755,1664.0,1985.0
8744c136affffff,62,235.52353279823785,1775.0,1983.0
8744c136bffffff,44,245.55290713408414,1602.5,1980.0
8744c136cffffff,22,201.21590000296197,1362.5,1963.0
8744c136dffffff,30,234.3589700700299,1339.0,1985.0
8744c136effffff,59,210.52631578947367,2347.0,1988.0
8744c1370ffffff,18,389.73601686572255,3865.5,1981.0
8744c1371ffffff,53,273.42325920524974,2526.0,1974.0
8744c1372ffffff,27,319.3052772211089,2784.0,1975.0
8744c1373ffffff,56,282.5101653662075,2320.0,1977.0
8744c1374ffffff,20,228.1819606492824,1511.0,1984.0
8744c1375ffffff,24,297.84199834952074,3521.0,1986.0
8744c1376ffffff,18,364.5646932657007,2955.5,1967.0
8744c1380ffffff,27,165.24701873935263,1536.0,1984.0
8744c1381ffffff,23,201.8413597733711,1493.0,1982.0
8744c1382ffffff,40,191.52260638297872,1518.0,1986.0
8744c1383ffffff,10,184.81832285861103,1992.0,1983.0
8744c1384ffffff,37,195.8041958041958,1575.0,1984.0
8744c1385ffffff,56,260.017281174525,1182.0,1984.0
8744c1386ffffff,33,226.90870261612383,1461.0,1983.0
8744c1388ffffff,22,226.93524770745125,2953.0,1996.0
8744c1389ffffff,24,231.85374478707723,2999.5,1995.5
8744c138affffff,20,233.9457043441813,1666.0,1988.0
8744c138bffffff,22,230.62209474720373,4003.0,1990.0
8744c138cffffff,36,192.70027837921435,1654.5,1984.0
8744c138dffffff,26,223.36472518320073,2764.0,2000.5
8744c138effffff,41,204.98614958448752,1944.0,1984.0
8744c1390ffffff,31,198.8335100742312,1603.0,1973.0
8744c1391ffffff,31,178.42565597667638,1718.0,1998.0
8744c1392ffffff,38,199.87921916113402,1843.5,1980.5
8744c1393ffffff,45,202.7027027027027,1773.0,1993.0
8744c1394ffffff,27,204.12642669007903,1842.0,1982.0
8744c1395ffffff,25,171.163914619412,2263.0,1990.5
8744c1396ffffff,17,160.98182977366912,2458.0,1985.0
8744c1398ffffff,12,223.1942971603629,2139.0,1998.0
8744c1399ffffff,42,225.8164563339127,1854.0,1986.0
8744c139affffff,8,258.97763015361323,1930.0,2006.5
8744c139bffffff,51,278.57142857142856,1946.0,1998.0
8744c139cffffff,12,202.33002663005723,1726.0,1990.5
8744c139dffffff,35,204.91803278688525,1740.0,1990.0
8744c139effffff,93,,0.0,1992.0
8744c13a0ffffff,25,223.81378692927484,1665.0,1962.0
8744c13a1ffffff,67,193.7394247038917,1324.0,1983.0
8744c13a2ffffff,39,191.93391642371233,2172.0,1991.0
8744c13a3ffffff,45,183.74741200828157,1667.0,1984.5
8744c13a4ffffff,14,238.93170898299496,1274.5,1968.0
8744c13a5ffffff,63,227.3397435897436,1799.0,1968.0
8744c13a6ffffff,12,177.47351711261751,3015.0,1977.0
8744c13a8ffffff,16,219.26573426573427,1225.5,1973.0
8744c13a9ffffff,21,206.05069501226492,1296.0,1985.0
8744c13aaffffff,26,195.45410998992577,1519.0,1982.0
8744c13abffffff,35,239.8464982411257,2381.0,2006.0
8744c13acffffff,18,184.62921049127948,1268.0,1984.5
8744c13adffffff,16,233.13118639341977,1694.0,2004.0
8744c13aeffffff,12,197.98314595641264,2327.5,1976.5
8744c13b0ffffff,21,194.62465245597775,2165.0,1982.0
8744c13b1ffffff,26,181.80132515822785,1989.0,1979.0
8744c13b2ffffff,35,171.6294458229942,2674.0,1977.0
8744c13b3ffffff,24,196.66878172588832,1763.5,1974.5
8744c13b4ffffff,27,194.43719332679095,2372.0,1976.0
8744c13b5ffffff,34,186.28679789956215,1861.5,1974.0
8744c13b6ffffff,23,195.15514425694067,1883.0,1977.0
8744c1604ffffff,7,309.20162381596754,2509.0,1992.0
8744c1608ffffff,12,217.6169590643275,3161.5,2006.0
8744c1609ffffff,25,180.72289156626505,3170.0,2001.0
8744c160bffffff,17,202.0770229337949,2573.0,2004.0
8744c160cffffff,8,,738.0,2008.0
8744c160dffffff,8,155.44439258024,2525.0,2003.0
8744c1620ffffff,2,201.55041195144412,3077.5,1991.0
8744c1621ffffff,16,186.70387668399232,2452.0,2009.0
8744c1622ffffff,2,156.55844155844156,2665.0,2007.0
8744c1623ffffff,10,179.4402116920446,1990.0,1994.0
8744c1624ffffff,10,174.76001913739222,2237.5,1998.5
8744c1625ffffff,8,226.67155854728782,2576.0,1992.0
8744c1626ffffff,7,164.04935501962984,2508.0,2001.0
8744c1628ffffff,20,171.03082594950462,2511.0,2002.5
8744c1629ffffff,17,178.92156862745097,2238.0,2000.0
8744c162affffff,2,176.49444351391304,2968.0,2009.5
8744c162bffffff,32,166.18115562538185,2580.0,2005.0
8744c162cffffff,11,172.14397496087636,2556.0,2002.0
8744c162dffffff,15,192.70833333333337,1824.0,1999.0
8744c162effffff,25,243.48958333333337,1050.0,1992.0
8744c1630ffffff,3,175.87939698492465,2138.0,2002.0
8744c1631ffffff,6,194.54851584249056,2350.0,1999.0
8744c1635ffffff,25,153.62106803218728,3060.0,2004.0
8744c1640ffffff,39,195.4513148542999,2512.0,2002.0
8744c1641ffffff,49,262.8968253968254,1380.0,1978.0
8744c1642ffffff,5,200.4008016032064,2582.0,2001.0
8744c1643ffffff,24,200.67075579315576,2711.0,2000.5
8744c1644ffffff,40,183.39016159526898,2538.5,2007.0
8744c1645ffffff,18,202.9729605971106,2546.5,2001.0
8744c1646ffffff,33,201.73267326732673,2190.0,2000.0
8744c164cffffff,8,607.9545454545455,1239.0,1950.0
8744c164dffffff,8,271.1146546688214,1252.0,1986.5
8744c164effffff,2,191.57615522964275,2925.0,2017.0
8744c1650ffffff,21,190.6158357771261,3378.0,2001.0
8744c1651ffffff,7,177.58985200845666,2365.0,2001.0
8744c1652ffffff,14,239.85556433242704,1864.5,2000.0
8744c1654ffffff,30,205.21910423393666,2404.0,1997.0
8744c1655ffffff,26,179.3707337088291,2212.0,2007.0
8744c1656ffffff,28,200.49773693469177,2055.5,2005.0
8744c165cffffff,3,200.9946125155408,3204.0,2018.0
8744c1660ffffff,16,185.7622406076224,1790.5,1987.0
8744c1661ffffff,4,185.53170435140436,2546.5,2011.0
8744c1662ffffff,11,189.873417721519,2016.0,2004.0
8744c1663ffffff,27,187.22466960352423,1785.0,2002.5
8744c1664ffffff,38,181.41493956205716,2176.0,1997.0
8744c1665ffffff,25,185.1851851851852,2218.0,2000.0
8744c1666ffffff,17,210.9704641350211,1992.0,1995.5
8744c1668ffffff,18,221.07266750996627,1538.0,1977.0
8744c1669ffffff,16,187.50897729375515,2513.0,2004.0
8744c166affffff,25,247.3404255319149,2558.0,1999.0
8744c166bffffff,28,334.4043958020219,1369.5,1964.0
8744c166cffffff,91,,0.0,2006.0
8744c166dffffff,50,209.89653589628296,1879.5,1988.0
8744c166effffff,5,307.275,2823.0,2007.0
8744c1670ffffff,34,175.12287190039555,2665.5,1997.0
8744c1671ffffff,21,195.9619952494062,2391.0,2000.0
8744c1672ffffff,32,194.38178485831102,3388.5,2002.0
8744c1673ffffff,22,183.46297547134841,2401.0,1999.5
8744c1674ffffff,31,178.72431506849315,2128.0,1999.0
8744c1675ffffff,20,186.82616532528502,2232.0,1997.0
8744c1676ffffff,47,185.67891044160132,2547.0,2000.0
8744c16c5ffffff,2,183.53492664917906,1931.0,2005.0
8744c16e1ffffff,38,275.8248201374667,3525.5,2008.5
8744c16e3ffffff,7,143.79084967320262,3513.0,2005.0
8744c16e5ffffff,27,175.00723170378942,3078.0,2016.0
8744c16eeffffff,9,196.83481701285857,1763.0,2004.0
8744c1701ffffff,14,157.96357711897855,2921.0,2004.0
8744c1708ffffff,13,175.97372125762553,2186.0,1996.0
8744c1709ffffff,15,138.69257950530036,2753.0,1997.0
8744c170affffff,17,204.91803278688525,2202.0,2000.0
8744c170bffffff,10,164.4950997982837,2684.5,1999.0
8744c170cffffff,8,175.49920052096343,2539.5,1990.0
8744c170dffffff,18,177.37120065066864,2556.0,2017.5
8744c170effffff,23,156.00624024961,2575.0,2016.0
8744c171bffffff,9,183.29466357308584,2586.0,2020.0
8744c171dffffff,9,200.3062005613677,1920.0,2000.0
8744c1728ffffff,27,179.36583057264554,1954.0,1999.5
8744c1729ffffff,28,185.42912366226147,2017.0,2003.0
8744c172affffff,33,168.2479443390259,2396.0,2007.5
8744c172bffffff,21,165.8310836868492,2456.0,2003.0
8744c172cffffff,18,164.24518643317504,2186.0,2002.5
8744c172dffffff,41,182.71257905832744,1740.0,1999.5
8744c172effffff,9,186.11670020120724,1767.0,1996.0
8744c1740ffffff,30,202.07546539903075,1684.5,1985.0
8744c1741ffffff,9,256.2225475841874,1912.0,1989.0
8744c1742ffffff,42,194.9538966780346,1665.0,2000.0
8744c1743ffffff,15,422.70531400966183,1080.0,1972.0
8744c1744ffffff,45,184.1297676457694,2010.0,1985.0
8744c1745ffffff,18,180.19241971438976,2053.0,1986.5
8744c1746ffffff,36,187.56121449559257,1588.5,1980.5
8744c1748ffffff,50,179.5222340144689,2394.0,1992.0
8744c1749ffffff,22,205.15534966629357,2260.5,1993.5
8744c174affffff,46,178.68306917949863,2347.0,1992.0
8744c174bffffff,42,162.33766233766235,2310.0,1995.5
8744c174cffffff,53,180.8231173380035,2081.0,1992.0
8744c174dffffff,43,182.98969072164948,2084.0,1992.0
8744c174effffff,28,183.6654508792219,2464.0,1990.0
8744c1750ffffff,14,155.99722265209772,2866.0,1999.5
8744c1751ffffff,50,168.71954774373881,2085.0,2002.0
8744c1752ffffff,36,171.0958725182863,2410.5,2007.0
8744c1753ffffff,25,175.26777020447906,1968.0,2006.0
8744c1754ffffff,17,165.8374792703151,2580.0,2005.5
8744c1755ffffff,41,169.29499072356217,2156.0,2000.0
8744c1756ffffff,34,163.23172527752223,2431.0,2004.5
8744c1758ffffff,31,179.77528089887642,2486.0,1998.0
8744c1759ffffff,29,193.7224129475233,2415.0,1995.0
8744c175affffff,21,177.5445002282063,2336.0,2001.0
8744c175bffffff,31,177.35042735042734,2765.0,2002.5
8744c175cffffff,7,175.61465127947818,1993.0,2007.5
8744c175dffffff,24,195.62089670073965,2260.0,1989.0
8744c175effffff,10,312.7218934911242,1853.0,2016.0
8744c1760ffffff,48,172.58204100068494,2378.5,1987.0
8744c1761ffffff,57,183.8235294117647,1900.0,2000.0
8744c1762ffffff,17,179.52950887329757,2511.0,2004.0
8744c1763ffffff,20,179.16784735095789,2228.5,2000.0
8744c1764ffffff,27,185.9356376638856,3698.0,1993.5
8744c1765ffffff,39,157.58897082398204,2458.0,1983.0
8744c1766ffffff,40,177.98795755916484,2186.0,1986.0
8744c1768ffffff,12,169.83861955772068,1839.5,1992.0
8744c1769ffffff,19,175.34246575342465,2400.0,2000.0
8744c176affffff,15,189.86666666666667,1875.0,1987.5
8744c176bffffff,44,179.50841398836673,3118.5,1995.0
8744c176cffffff,49,188.53820598006644,1806.0,1986.0
8744c176dffffff,33,195.1340615690169,1721.0,1991.0
8744c176effffff,49,192.9949964260186,1640.0,1989.0
8744c1770ffffff,31,188.1851400730816,1838.0,2003.0
8744c1771ffffff,38,169.98076923076923,2269.0,1997.5
8744c1772ffffff,36,185.51556328735893,2124.0,1998.0
8744c1773ffffff,14,189.11287049812952,1991.0,1993.0
8744c1774ffffff,19,159.963436928702,2358.0,2002.0
8744c1775ffffff,23,176.08695652173913,2930.0,1996.0
8744c1776ffffff,29,175.5702280912365,2792.0,2014.0
8744c1808ffffff,2,,882.0,1983.0
8744c1809ffffff,4,117.81528809223457,2154.0,2004.0
8744c180bffffff,3,161.71052631578948,1994.0,2004.0
8744c180cffffff,2,125.25905893067909,1876.5,2003.5
8744c180dffffff,2,156.84115310496716,1375.5,1979.5
8744c1818ffffff,12,157.12049870240344,1590.0,1998.0
8744c1819ffffff,25,,0.0,1996.0
8744c181affffff,16,132.20878676126358,1984.0,1997.5
8744c181bffffff,29,149.33920704845815,1589.0,1995.0
8744c181cffffff,1,83.76946472019465,1644.0,1996.0
8744c181effffff,6,192.32739878065468,1641.0,2002.5
8744c1829ffffff,1,,0.0,
8744c182cffffff,3,220.27110289587185,1647.0,2005.0
8744c182dffffff,1,222.75641025641025,3120.0,2014.0
8744c1840ffffff,26,203.33247732414884,1615.0,1992.0
8744c1841ffffff,33,200.8928571428571,1533.0,1988.5
8744c1842ffffff,22,195.4368947703859,1559.0,1998.5
8744c1843ffffff,40,193.49365056196177,1530.0,1991.0
8744c1844ffffff,10,159.08608647808632,2462.0,1986.5
8744c1845ffffff,11,194.78527607361963,2919.0,1997.0
8744c1846ffffff,9,199.61977186311788,1723.0,1986.5
8744c1848ffffff,15,170.2442635085122,2517.0,1983.0
8744c1849ffffff,10,208.4948840501615,2579.0,2005.5
8744c184affffff,8,172.15482380127094,2612.0,1987.5
8744c184bffffff,13,173.7841043890866,2128.0,1982.0
8744c184cffffff,5,156.21461310326234,2320.0,1973.0
8744c184dffffff,3,176.1642156862745,2525.0,1992.0
8744c184effffff,16,160.61652131782944,2470.0,1995.0
8744c1850ffffff,26,154.23078249973014,1955.0,1998.0
8744c1851ffffff,7,196.53179190751445,2135.0,2000.0
8744c1852ffffff,13,215.63342318059296,1803.0,2003.5
8744c1853ffffff,2,323.5512386772891,2296.0,1999.0
8744c1854ffffff,9,153.8698328935796,2274.0,1994.0
8744c1855ffffff,6,160.68064198798143,2457.0,1995.0
8744c1856ffffff,6,138.87349709747528,2387.5,2020.0
8744c1858ffffff,10,157.9262281029075,2194.0,1984.5
8744c1859ffffff,6,107.08333333333334,9000.0,1994.0
8744c185affffff,22,156.41630734447492,1629.5,1989.0
8744c185bffffff,68,125.15983725661144,1525.0,1981.0
8744c185cffffff,12,154.44270015698586,2276.0,1986.0
8744c185dffffff,6,152.87183445041558,2439.0,1986.5
8744c185effffff,2,,1044.0,1988.0
8744c1860ffffff,11,233.25062034739457,3346.0,1990.5
8744c1861ffffff,1,97.98931025706288,3929.0,1988.0
8744c1862ffffff,3,221.51898734177217,2519.0,1994.0
8744c1863ffffff,6,177.91371636487665,2414.5,1988.5
8744c1864ffffff,3,,0.0,1973.0
8744c1865ffffff,13,328.1351526965562,3576.0,1999.0
8744c1866ffffff,3,148.12001519179643,2633.0,1987.5
8744c1868ffffff,9,211.62079510703364,2855.0,2013.0
8744c1869ffffff,6,190.29426948890037,1578.5,1986.0
8744c186affffff,9,167.5977653631285,2542.0,2005.0
8744c186bffffff,26,624.4322302810517,1161.0,2020.5
8744c186cffffff,7,,0.0,2002.0
8744c186dffffff,9,198.05578011317704,2630.0,2012.0
8744c186effffff,5,228.90654559213016,2247.0,2000.0
8744c1870ffffff,6,,1057.5,2001.0
8744c1871ffffff,6,165.2023416186008,2647.5,1982.0
8744c1872ffffff,1,154.20363329108577,2367.0,2022.0
8744c1873ffffff,10,190.61726403726198,1928.0,1985.0
8744c1874ffffff,5,172.13114754098362,3518.0,2009.5
8744c1875ffffff,4,234.8606595923041,2340.0,1984.0
8744c1876ffffff,7,303.69290573372206,2058.0,2002.0
8744c1880ffffff,8,184.55663930662234,3375.0,2011.5
8744c1881ffffff,14,176.52193173957812,1601.0,2005.0
8744c1882ffffff,3,3757.5757575757575,825.0,2001.0
8744c1883ffffff,6,144.3041633468985,3700.0,2010.0
8744c1884ffffff,7,135.58614935335837,2333.0,2006.0
8744c1885ffffff,9,,0.0,2006.0
8744c1886ffffff,1,147.34774066797644,3054.0,2003.0
8744c1888ffffff,27,140.40846097738876,2414.0,2018.0
8744c1889ffffff,9,165.8682634730539,1945.0,1993.5
8744c188affffff,20,150.45457114862828,1931.0,2008.0
8744c188bffffff,24,156.5472218474505,1398.0,2001.5
8744c188cffffff,13,162.89592760180994,2104.0,2003.5
8744c188dffffff,16,158.32684912932882,2136.0,2000.5
8744c188effffff,10,139.7475653264715,1722.0,2005.0
8744c1890ffffff,43,,0.0,2002.0
8744c1891ffffff,3,257.6601671309192,1604.0,1989.0
8744c1892ffffff,24,,0.0,2021.0
8744c1893ffffff,5,145.47201384881708,1733.0,1999.0
8744c1894ffffff,44,165.43513957307061,1609.5,2003.0
8744c1895ffffff,49,,0.0,2004.5
8744c1896ffffff,28,,0.0,1998.0
8744c1898ffffff,10,150.27043986629974,2337.0,2017.5
8744c1899ffffff,23,143.5523114355231,1444.0,2003.0
8744c189affffff,3,138.42302878598247,1540.0,1992.0
8744c189bffffff,30,144.71181200108046,1944.0,2003.0
8744c189cffffff,12,160.5671766447743,1984.5,2006.0
8744c189effffff,8,159.26488456865127,1985.5,1998.0
8744c18a3ffffff,4,125.58008083398849,3364.5,2005.0
8744c18a8ffffff,3,216.66666666666663,1880.0,1996.0
8744c18a9ffffff,1,118.8587559429477,5048.0,1987.0
8744c18aaffffff,11,148.98044111527258,2026.0,2006.0
8744c18abffffff,4,119.84948523105136,2853.0,2002.0
8744c18acffffff,1,221.94323144104803,2748.0,2013.0
8744c18adffffff,3,171.35161606268363,2042.0,2008.0
8744c18aeffffff,22,,0.0,2016.0
8744c18b0ffffff,1,192.07521826729348,1489.0,1960.0
8744c18b1ffffff,1,119.3633952254642,1508.0,1999.0
8744c18b2ffffff,8,137.11478630467502,2397.5,2020.0
8744c18b3ffffff,5,,0.0,
8744c18c0ffffff,5,133.76906318082789,2295.0,1995.0
8744c18c1ffffff,6,129.60775216164546,1689.0,1973.5
8744c18c2ffffff,7,973.5413839891452,4938.0,1980.0
8744c18c3ffffff,3,103.40632603406326,3288.0,1993.0
8744c18c4ffffff,10,207.6988118264714,1656.5,1993.0
8744c18c6ffffff,17,153.44147303814117,3101.0,2021.0
8744c18c8ffffff,18,165.60509554140128,1534.0,1983.0
8744c18c9ffffff,26,133.28062456581426,1950.0,1984.0
8744c18caffffff,28,130.87301578240084,2621.0,1995.0
8744c18cbffffff,36,124.00246913580247,1885.5,1986.0
8744c18ccffffff,22,113.58284229126988,2720.0,1987.0
8744c18cdffffff,29,164.73509933774835,1512.0,1987.0
8744c18ceffffff,12,177.82437937587764,2464.0,1976.5
8744c18d0ffffff,16,143.12866100341768,2824.0,2010.0
8744c18d1ffffff,12,180.32705785695322,1704.0,1988.0
8744c18d2ffffff,27,184.70790378006873,1750.0,1989.5
8744c18d3ffffff,30,182.6086570713614,1482.0,1993.0
8744c18d4ffffff,20,,0.0,2011.0
8744c18d5ffffff,15,,0.0,2008.5
8744c18d6ffffff,28,138.48860049598582,2386.0,2017.0
8744c18d8ffffff,47,152.28426395939087,2182.0,2003.0
8744c18d9ffffff,15,146.9298245614035,1890.0,2002.5
8744c18daffffff,21,175.23896222121076,1904.0,1998.0
8744c18dbffffff,30,148.51828645688295,1369.0,1988.0
8744c18dcffffff,21,152.57192676547515,1816.0,1996.0
8744c18ddffffff,11,151.48662041625371,3393.0,1991.0
8744c18deffffff,5,260.4166666666667,1152.0,1994.0
8744c18e0ffffff,17,,0.0,1966.0
8744c18e1ffffff,39,140.27777777777777,1939.0,2004.0
8744c18e2ffffff,16,142.6191629529161,1928.5,2016.0
8744c18e3ffffff,49,275.5376344086022,1636.0,2016.0
8744c18e4ffffff,1,3.787878787878788,6600.0,2001.0
8744c18e6ffffff,35,136.36363636363637,1927.0,2001.0
8744c18e8ffffff,56,154.30282174810736,1453.0,1991.5
8744c18e9ffffff,21,131.838905775076,2566.0,2006.0
8744c18eaffffff,12,140.28346829910987,1912.0,2012.0
8744c18ebffffff,31,149.57264957264957,1946.0,1995.0
8744c18ecffffff,34,145.13563813029464,1806.0,1999.5
8744c18edffffff,20,169.11963839338142,1861.5,2000.0
8744c18eeffffff,17,167.6384839650146,1511.0,1998.0
8744c18f0ffffff,4,217.83234164507144,1897.5,2002.0
8744c18f1ffffff,3,156.3598759048604,2045.0,1999.0
8744c18f2ffffff,4,124.99410736009732,2924.0,1986.0
8744c18f3ffffff,8,138.2623775719212,3442.0,2011.0
8744c18f4ffffff,2,170.01173612697426,1488.5,1998.0
8744c18f5ffffff,16,136.1700928288059,2436.0,2005.0
8744c18f6ffffff,7,215.66025215660252,1617.0,1984.0
8744c1941ffffff,2,175.7476509465646,2493.5,2002.5
8744c1942ffffff,8,300.8319805194805,1184.0,1983.0
8744c1943ffffff,1,,0.0,
8744c1944ffffff,3,166.4785553047404,3486.0,2001.0
8744c1946ffffff,2,,945.0,
8744c1948ffffff,8,294.3958888496037,2999.0,2002.5
8744c1949ffffff,28,247.62431796193408,2151.0,1989.0
8744c194affffff,5,213.63597582651977,2813.0,1986.0
8744c194bffffff,16,273.15298716856,2979.0,1994.0
8744c194cffffff,1,169.4277108433735,1328.0,1988.0
8744c194dffffff,1,417.6293103448275,4640.0,2015.0
8744c194effffff,2,434.31323700381995,1209.0,1971.0
8744c1950ffffff,3,304.0278853601859,2582.0,1997.0
8744c1951ffffff,1,,0.0,
8744c1953ffffff,1,215.8774373259053,4308.0,1999.0
8744c1955ffffff,5,225.85128561501045,1571.0,1980.0
8744c1958ffffff,1,308.8834555827221,3681.0,2015.0
8744c1959ffffff,1,258.8443396226415,1696.0,1975.0
8744c195affffff,3,418.1307097680956,2662.0,1972.0
8744c195bffffff,4,217.01388888888889,1348.0,1984.0
8744c195cffffff,2,315.67905778432095,3640.0,2002.0
8744c195dffffff,5,309.59752321981426,1973.0,2007.0
8744c1a00ffffff,34,187.26503759398497,1335.0,1972.0
8744c1a01ffffff,16,147.634385665529,1853.0,1993.0
8744c1a02ffffff,19,165.78749058025622,1332.0,1960.0
8744c1a03ffffff,17,155.95026642984016,2304.0,1986.0
8744c1a04ffffff,7,188.4469696969697,1104.0,1961.0
8744c1a05ffffff,11,146.6549295774648,2300.0,1990.0
8744c1a06ffffff,24,145.5390453678125,1103.5,1968.0
8744c1a08ffffff,2,1709.2722615458722,58673.5,1973.0
8744c1a09ffffff,5,179.3802412664245,133794.0,1995.0
8744c1a0affffff,3,59.43745970341715,5960.0,1968.0
8744c1a0bffffff,28,199.6179296816805,1562.5,2003.0
8744c1a0cffffff,3,2801.3636363636365,1992.0,2007.0
8744c1a0dffffff,4,,1132.5,2011.0
8744c1a0effffff,10,190.5902247209673,2523.5,1988.0
8744c1a10ffffff,62,123.07140395616514,1546.5,1961.0
8744c1a11ffffff,19,165.73258606885508,1524.0,1978.0
8744c1a12ffffff,51,165.02463054187191,1426.0,1958.0
8744c1a13ffffff,33,161.2787356321839,1580.0,1955.0
8744c1a14ffffff,29,172.27877838684415,1727.0,1964.0
8744c1a15ffffff,45,,0.0,1955.5
8744c1a16ffffff,67,155.06807866868382,1351.0,1948.0
8744c1a18ffffff,23,166.5807117070655,1524.0,2006.5
8744c1a19ffffff,30,178.4138630335829,1193.0,1967.0
8744c1a1affffff,25,170.35775127768312,1303.0,1964.0
8744c1a1bffffff,41,156.04192355117138,1092.0,1962.0
8744c1a1cffffff,25,140.62520193861067,1675.0,2004.0
8744c1a1dffffff,12,208.42613665389527,1516.0,1983.5
8744c1a1effffff,25,184.68430034129693,1728.0,1958.0
8744c1a20ffffff,50,,0.0,2006.5
8744c1a21ffffff,14,,650.0,2003.0
8744c1a22ffffff,8,145.16327674222413,3771.0,2022.0
8744c1a23ffffff,6,151.15229475616053,3012.0,2003.5
8744c1a24ffffff,4,129.52296347241327,2092.0,1977.5
8744c1a25ffffff,14,125.83406384571578,2743.5,2006.0
8744c1a26ffffff,33,187.06842435655992,1422.0,2005.0
8744c1a29ffffff,1,,0.0,
8744c1a2affffff,6,131.1851719520078,2570.5,1992.5
8744c1a2bffffff,7,161.9496855345912,3180.0,2016.0
8744c1a2cffffff,22,146.56218317836704,2708.5,2007.0
8744c1a2dffffff,3,178.16973969631238,1570.0,2011.0
8744c1a2effffff,12,125.73791568678328,3062.0,2005.0
8744c1a30ffffff,7,129.67200610221207,1878.0,2004.0
8744c1a31ffffff,20,147.62423779169163,2303.5,2008.0
8744c1a32ffffff,20,168.2079329562518,1623.0,1970.0
8744c1a33ffffff,14,171.93789534215065,1696.0,2006.0
8744c1a34ffffff,14,141.47619782885695,2146.0,1978.5
8744c1a35ffffff,14,166.36487281352137,1973.0,1987.5
8744c1a36ffffff,14,157.53557534002368,1382.0,1960.0
8744c1a40ffffff,29,221.7125382262997,1454.0,2001.0
8744c1a41ffffff,41,210.70911722141824,1589.0,1999.0
8744c1a42ffffff,36,229.0656787468862,1401.0,1959.0
8744c1a43ffffff,10,3868.223382018992,1176.0,1950.5
8744c1a44ffffff,22,141.0801570060235,1470.0,1962.5
8744c1a45ffffff,4,167.49398315282792,1451.0,1946.5
8744c1a46ffffff,9,234.49131513647643,912.0,1968.0
8744c1a48ffffff,39,192.66595289079228,1587.0,1990.0
8744c1a49ffffff,38,172.36149267399267,1807.5,2006.0
8744c1a4affffff,71,225.38003965631196,1347.0,1968.0
8744c1a4bffffff,65,196.98443579766536,1645.0,1991.0
8744c1a4cffffff,42,217.44132049983114,1475.0,1988.0
8744c1a4dffffff,19,266.39344262295083,2245.0,2000.0
8744c1a4effffff,31,263.1578947368421,1412.0,1993.0
8744c1a50ffffff,51,200.35523978685612,1476.0,1968.0
8744c1a51ffffff,41,153.3385093167702,1324.0,1964.5
8744c1a52ffffff,29,7564.194008559201,912.0,1965.0
8744c1a53ffffff,42,172.50746229237512,1540.0,1964.0
8744c1a54ffffff,41,216.51270207852193,1312.0,1991.0
8744c1a55ffffff,19,173.63344051446944,1520.0,1995.0
8744c1a56ffffff,56,221.0224629843032,1384.0,1987.0
8744c1a58ffffff,28,199.75949315756475,1574.0,1989.5
8744c1a59ffffff,63,173.841059602649,1348.0,1985.0
8744c1a5affffff,41,198.33333333333337,1384.0,1981.0
8744c1a5bffffff,48,229.45038188095347,1413.0,1985.0
8744c1a5cffffff,31,180.97560975609755,1456.0,1995.0
8744c1a5dffffff,37,194.38444924406048,1471.0,1989.0
8744c1a5effffff,35,190.1669758812616,1270.0,1970.0
8744c1a60ffffff,28,,0.0,1969.0
8744c1a61ffffff,18,202.30242180000403,1650.5,1991.0
8744c1a62ffffff,5,163.9273356401384,2253.0,1990.5
8744c1a63ffffff,23,155.69620253164558,1473.0,1988.0
8744c1a64ffffff,25,173.13019390581718,1620.0,2001.0
8744c1a65ffffff,20,159.62217092520365,1458.5,1975.5
8744c1a66ffffff,11,208.355091383812,1536.0,1981.0
8744c1a68ffffff,10,193.7303530136214,1593.0,2000.0
8744c1a6affffff,16,,0.0,1988.0
8744c1a6bffffff,10,313.0057068797617,1224.0,1980.0
8744c1a6cffffff,2,151.34514973693928,6291.0,1992.0
8744c1a6effffff,7,140.3846153846154,1904.0,1989.0
8744c1a70ffffff,4,166.34782608695653,1276.0,1981.5
8744c1a71ffffff,15,156.25,1773.0,1988.0
8744c1a72ffffff,3,150.78082929456113,2103.0,2006.0
8744c1a73ffffff,8,129.7408343868521,1654.0,1996.0
8744c1a75ffffff,22,116.19335816263191,1475.0,1974.0
8744c1a76ffffff,2,323.34957078393677,2184.5,1989.5
8744c1a80ffffff,100,383.40019492653477,1428.0,1960.0
8744c1a81ffffff,385,0.1460097022733758,210260.0,2020.0
8744c1a82ffffff,129,364.95726495726495,1365.0,1948.5
8744c1a83ffffff,143,455.8011049723757,1400.0,2004.0
8744c1a84ffffff,55,277.95753286147624,868.0,1940.0
8744c1a85ffffff,97,186.66666666666663,1356.0,1964.0
8744c1a86ffffff,44,290.27777777777777,1567.0,2005.0
8744c1a88ffffff,100,316.8739299610895,1160.5,2005.0
8744c1a89ffffff,46,378.0061010433543,1379.0,1970.5
8744c1a8affffff,121,412.5,1331.0,1992.0
8744c1a8bffffff,100,316.60734365356484,1300.0,1964.0
8744c1a8cffffff,77,205.02645502645504,1274.0,1948.0
8744c1a8dffffff,30,559.9104143337066,1239.5,2004.0
8744c1a8effffff,251,326.76518883415434,1134.0,1989.0
8744c1a90ffffff,62,190.4059025769552,1378.5,1954.0
8744c1a91ffffff,63,343.4844192634561,1493.0,1950.0
8744c1a92ffffff,91,178.44646606018193,1320.0,1953.5
8744c1a93ffffff,66,328.2419280062575,1898.0,1948.0
8744c1a94ffffff,68,165.85263825567597,1225.0,1959.0
8744c1a95ffffff,62,263.6175995716984,1551.5,1962.0
8744c1a96ffffff,57,147.19411223551057,1603.0,1965.0
8744c1a98ffffff,50,384.0359640989738,2175.0,1948.5
8744c1a99ffffff,57,517.3482032218092,2312.0,1940.0
8744c1a9affffff,48,346.9093400900216,1931.0,1956.5
8744c1a9bffffff,36,286.3412043978011,1695.0,1961.5
8744c1a9cffffff,112,354.2643321869044,1593.0,1960.5
8744c1a9dffffff,109,397.2257250945776,1412.0,1937.0
8744c1a9effffff,71,395.3229398663697,1858.0,1950.0
8744c1aa0ffffff,42,184.87103174603175,1135.0,1955.0
8744c1aa1ffffff,41,173.04347826086956,1248.0,1950.0
8744c1aa2ffffff,46,171.11259579485164,1163.0,1958.0
8744c1aa3ffffff,30,187.4807786702365,1240.0,1950.0
8744c1aa4ffffff,127,276.60216277746156,1482.0,1940.0
8744c1aa5ffffff,41,203.7037037037037,1274.0,1948.5
8744c1aa6ffffff,74,,0.0,1960.0
8744c1aa8ffffff,80,216.48350848062455,1482.0,1940.0
8744c1aa9ffffff,45,191.68088033012376,1189.0,1950.0
8744c1aaaffffff,47,231.67358229598892,1260.0,1983.0
8744c1aabffffff,80,154.88848547717842,1315.5,1950.0
8744c1aacffffff,71,166.09392898052693,1295.0,1949.5
8744c1aadffffff,20,135.03742292392542,1600.5,1950.0
8744c1aaeffffff,60,195.47972861351025,1410.5,1940.0
8744c1ab0ffffff,3,250.0,6000.0,1968.0
8744c1ab1ffffff,31,153.5181236673774,1176.0,1960.0
8744c1ab2ffffff,12,210.62452627881612,1722.0,1971.0
8744c1ab3ffffff,19,178.11704834605598,1635.0,1966.0
8744c1ab4ffffff,13,262.0967741935484,2496.0,2006.0
8744c1ab5ffffff,15,,0.0,1961.0
8744c1ab6ffffff,16,137.0028880376425,2084.5,1999.0
8744c1ac0ffffff,82,242.52862725544847,2466.5,2002.0
8744c1ac1ffffff,64,280.1641329382225,1674.0,1968.0
8744c1ac2ffffff,74,327.27494987734826,1644.0,1993.0
8744c1ac3ffffff,71,289.4691535150646,2043.0,1997.5
8744c1ac4ffffff,38,214.12869490515095,1877.0,2001.0
8744c1ac5ffffff,64,228.54109796784957,2059.0,1999.0
8744c1ac6ffffff,43,227.02991452991452,1880.0,2003.0
8744c1ac8ffffff,68,244.09153103256443,1347.0,1955.5
8744c1ac9ffffff,65,334.89096573208724,1080.0,1955.0
8744c1acaffffff,20,197.36527622664795,1451.0,1983.0
8744c1accffffff,92,270.3636363636364,1252.5,1959.0
8744c1acdffffff,56,222.4224456915448,1265.0,1962.0
8744c1aceffffff,96,259.0774775228866,1576.0,1990.0
8744c1ad0ffffff,27,446.4384828862165,2644.0,1970.0
8744c1ad1ffffff,14,269.73659294046354,2285.0,1985.5
8744c1ad2ffffff,29,609.3544137022398,3754.0,1972.0
8744c1ad3ffffff,14,489.92149531731593,3455.5,1963.5
8744c1ad4ffffff,68,270.03205128205127,1504.0,1979.0
8744c1ad5ffffff,16,451.11087586932535,2226.0,1957.5
8744c1ad6ffffff,42,478.180129990715,2680.0,1955.5
8744c1ad8ffffff,44,269.2697605561277,1673.0,1995.0
8744c1ad9ffffff,28,189.8028149386845,1301.5,1981.0
8744c1adaffffff,23,314.81481481481484,1392.0,2010.0
8744c1adbffffff,33,229.55523672883788,1547.0,2006.0
8744c1adcffffff,74,306.30501339456566,1799.5,1998.0
8744c1addffffff,74,210.03240999592504,1330.0,1982.0
8744c1adeffffff,3,386.6809881847476,4655.0,1966.0
8744c1ae0ffffff,35,190.72673462676752,2454.0,2005.0
8744c1ae1ffffff,31,163.54344122657582,1644.0,1987.0
8744c1ae2ffffff,48,205.32092807005978,1878.0,2002.0
8744c1ae3ffffff,32,220.59467031335652,2901.5,2001.0
8744c1ae4ffffff,12,208.35079725287557,1264.5,1963.5
8744c1ae5ffffff,62,181.37727558590598,1373.0,2003.0
8744c1ae6ffffff,18,187.1394299423088,1000.0,1959.5
8744c1ae8ffffff,40,226.5246817215789,2301.5,1987.5
8744c1ae9ffffff,68,249.44322139201057,1584.0,1976.0
8744c1aeaffffff,50,270.60270602706026,1826.5,1972.5
8744c1aebffffff,54,230.23558317675963,1425.0,1965.0
8744c1aecffffff,71,245.59686888454013,1277.0,1974.0
8744c1aedffffff,75,233.8009352037408,1366.0,1987.0
8744c1aeeffffff,29,250.0,2569.0,1992.0
8744c1af0ffffff,74,,0.0,1979.5
8744c1af1ffffff,34,238.62847598802657,1495.0,1986.0
8744c1af2ffffff,48,250.82236842105266,2476.5,1986.0
8744c1af3ffffff,43,287.7325066430469,2136.0,2004.0
8744c1af4ffffff,75,164.16510318949344,1163.0,1958.5
8744c1af5ffffff,17,145.2991452991453,1179.0,1959.0
8744c1af6ffffff,46,163.12285504702524,1132.0,1953.0
8744c1b00ffffff,15,164.48931116389548,1812.0,2018.5
8744c1b01ffffff,11,147.38095238095238,2480.0,2016.5
8744c1b02ffffff,3,156.1163387510693,2338.0,2005.0
8744c1b03ffffff,80,,0.0,1963.5
8744c1b04ffffff,5,212.6917712691771,1683.0,2001.0
8744c1b05ffffff,1,132.6341764342998,3242.0,2019.0
8744c1b06ffffff,11,136.12217795484727,2286.0,2004.0
8744c1b08ffffff,6,125.37561260978893,3515.0,2021.0
8744c1b09ffffff,14,117.13638002988304,2987.0,2006.0
8744c1b0affffff,25,136.31313131313132,1926.0,2003.0
8744c1b0bffffff,16,197.2870480620781,1961.5,2006.0
8744c1b0cffffff,14,161.56141701963804,1880.5,2007.5
8744c1b0dffffff,19,135.54791905307368,2358.0,2006.0
8744c1b0effffff,21,153.0261348005502,1994.0,2003.0
8744c1b10ffffff,9,150.79365079365078,1880.0,2018.0
8744c1b11ffffff,31,138.0753138075314,2011.0,2005.0
8744c1b12ffffff,7,126.3719165085389,2613.0,2016.0
8744c1b13ffffff,25,165.28925619834712,1504.0,1976.0
8744c1b14ffffff,3,155.4726368159204,2412.0,1980.0
8744c1b15ffffff,16,129.11068758679787,2361.5,2014.0
8744c1b16ffffff,4,181.0248793167471,2693.0,1999.0
8744c1b18ffffff,13,101.85185185185183,1340.0,1972.0
8744c1b19ffffff,17,168.78172588832487,1818.0,2003.0
8744c1b1affffff,20,134.52966225023096,1880.5,1974.0
8744c1b1cffffff,60,302.92929292929296,990.0,1930.0
8744c1b1dffffff,37,150.35677879714578,1704.0,2003.0
8744c1b1effffff,17,134.8148148148148,1821.0,2003.0
8744c1b20ffffff,1,317.89058649581074,2029.0,1987.0
8744c1b22ffffff,3,108.69565217391305,1242.0,1900.0
8744c1b23ffffff,6,128.94757665677548,1968.0,2011.5
8744c1b24ffffff,6,204.9298325641301,2672.5,2001.5
8744c1b26ffffff,7,163.3016627078385,1684.0,1974.5
8744c1b28ffffff,2,153.7604266841269,2966.0,2003.0
8744c1b29ffffff,1,125.81168831168831,2464.0,1964.0
8744c1b2affffff,11,126.984126984127,2924.0,2014.0
8744c1b2bffffff,20,244.51569455024958,2189.0,2008.0
8744c1b2cffffff,17,,0.0,1940.0
8744c1b31ffffff,5,208.33333333333337,4200.0,2004.5
8744c1b32ffffff,1,348.35271317829455,2064.0,2018.0
8744c1b33ffffff,7,155.4243083618278,2924.0,2005.0
8744c1b34ffffff,9,216.97154471544715,2356.0,1992.0
8744c1b35ffffff,7,199.02912621359224,2678.0,1997.0
8744c1b36ffffff,11,,0.0,1988.0
8744c1b40ffffff,3,214.61716937354987,3558.0,2003.0
8744c1b41ffffff,9,191.07981220657277,2181.0,1991.0
8744c1b42ffffff,3,,0.0,1940.0
8744c1b43ffffff,32,197.63672145005697,1776.5,2001.5
8744c1b45ffffff,11,185.31591951994352,2636.0,2003.0
8744c1b46ffffff,1,226.73031026252983,1676.0,1983.0
8744c1b48ffffff,16,152.227095718427,2762.0,1997.5
8744c1b49ffffff,22,154.58430349277836,1933.0,1985.5
8744c1b4affffff,13,151.34837644468905,2049.0,1998.0
8744c1b4bffffff,60,,0.0,2005.0
8744c1b4cffffff,14,161.84505960868353,1486.0,1974.0
8744c1b4dffffff,30,179.93060678086493,1635.5,1977.0
8744c1b4effffff,27,171.4939024390244,1606.0,1989.0
8744c1b50ffffff,6,162.60831734977404,3013.0,2004.0
8744c1b52ffffff,24,320.0544701006513,1689.0,1920.0
8744c1b53ffffff,20,120.5667226222818,2782.0,2005.0
8744c1b54ffffff,15,,0.0,2013.0
8744c1b55ffffff,13,,0.0,1949.0
8744c1b56ffffff,16,118.92563221013555,3114.5,2010.0
8744c1b58ffffff,3,173.98648648648648,1208.0,1991.0
8744c1b59ffffff,26,154.10135604481894,1613.5,1986.0
8744c1b5affffff,13,211.2337974075852,2083.0,2019.0
8744c1b5bffffff,15,225.752508361204,1151.0,1983.0
8744c1b5cffffff,19,157.28843597696056,2210.0,2004.0
8744c1b5dffffff,6,2172.177099543547,1463.5,1988.0
8744c1b5effffff,9,154.4894366197183,1487.0,1984.0
8744c1b60ffffff,1,254.9651100375738,1863.0,1987.0
8744c1b61ffffff,6,,0.0,
8744c1b63ffffff,2,,0.0,
8744c1b66ffffff,1,146.5440522100267,3371.0,2002.0
8744c1b68ffffff,14,186.77908113391985,1672.0,1980.0
8744c1b69ffffff,14,146.47544720273328,1574.0,1981.0
8744c1b6affffff,4,186.6242208370436,2173.0,2004.0
8744c1b6bffffff,23,193.23671497584544,1226.0,1981.5
8744c1b6cffffff,2,,0.0,
8744c1b6dffffff,11,226.5625,1833.0,1986.0
8744c1b6effffff,5,121.0281319570937,4941.0,2016.0
8744c1b70ffffff,3,112.35955056179776,1424.0,1920.0
8744c1b72ffffff,82,,0.0,2006.0
8744c1b73ffffff,7,,0.0,2023.0
8744c1b74ffffff,3,,0.0,1991.0
8744c1b76ffffff,3,177.83857729138168,3655.0,2006.0
8744c1b80ffffff,25,154.50507614213197,1329.0,1970.0
8744c1b81ffffff,46,131.2049882209026,1412.0,1988.0
8744c1b82ffffff,14,115.58669001751312,1180.5,1966.0
8744c1b83ffffff,7,147.58418740849194,1366.0,2000.0
8744c1b84ffffff,27,127.25779967159278,1486.0,1984.0
8744c1b85ffffff,42,137.2466039707419,1824.5,1978.0
8744c1b86ffffff,46,136.09740808392593,1312.5,1970.0
8744c1b89ffffff,10,216.47364217252397,1970.0,1972.5
8744c1b8bffffff,20,188.00515760429766,1713.0,1950.0
8744c1b8cffffff,13,123.7396883593034,1749.0,1970.0
8744c1b8dffffff,8,68.09872029250457,2028.0,1960.0
8744c1b8effffff,1,160.41666666666666,960.0,1962.0
8744c1b90ffffff,11,117.33477789815818,1846.0,1968.0
8744c1b91ffffff,43,134.50292397660817,1378.0,1962.0
8744c1b92ffffff,30,135.30016477347294,1505.0,1968.5
8744c1b93ffffff,14,118.75452609998854,1452.5,1967.5
8744c1b94ffffff,16,131.2369292414133,1923.0,2006.0
8744c1b95ffffff,54,113.45218800648298,1568.0,1968.0
8744c1b96ffffff,7,76.96747252747252,2275.0,1973.0
8744c1b98ffffff,26,153.53188518734981,1335.5,1957.0
8744c1b99ffffff,4,49.44544990486798,8903.0,1973.0
8744c1b9affffff,31,142.4361493123772,1296.0,1962.0
8744c1b9bffffff,4,153.019,1000.0,1961.0
8744c1b9cffffff,18,135.99348534201954,1384.0,1973.0
8744c1b9dffffff,4,269.17428704910697,1227.5,1968.5
8744c1b9effffff,35,128.6764705882353,1204.0,1953.0
8744c1ba0ffffff,21,81.03727714748784,1910.0,1973.0
8744c1ba1ffffff,10,135.36454108691584,1710.0,2003.0
8744c1ba2ffffff,21,150.56798866855524,1496.0,1996.0
8744c1ba3ffffff,21,118.3009130607384,1600.0,1971.5
8744c1ba4ffffff,6,146.64339305372417,2145.0,1980.5
8744c1ba5ffffff,3,142.5561797752809,2136.0,1978.0
8744c1ba6ffffff,32,182.09387604128673,1247.5,1983.0
8744c1ba8ffffff,46,149.96347979856225,1411.0,1998.5
8744c1ba9ffffff,25,146.24724061810156,1650.0,2002.0
8744c1baaffffff,49,149.77692797960484,1680.0,2007.0
8744c1babffffff,35,144.0466278101582,1544.0,1968.0
8744c1bacffffff,50,138.2962462243009,1466.5,1990.0
8744c1badffffff,32,153.819454756036,1583.5,1987.5
8744c1baeffffff,35,122.22222222222224,1768.0,2006.0
8744c1bb0ffffff,38,147.3731664578507,1339.0,1971.0
8744c1bb1ffffff,34,142.38905667766358,1824.0,1992.0
8744c1bb2ffffff,31,140.9313725490196,1356.0,1962.0
8744c1bb3ffffff,40,130.26996266746113,1457.0,1966.0
8744c1bb4ffffff,47,129.96941896024464,1380.0,1979.0
8744c1bb5ffffff,60,151.78817462129865,1464.5,1984.0
8744c1bb6ffffff,16,116.42250955396169,1547.0,1986.0
8744c1c40ffffff,6,,0.0,1989.5
8744c1c41ffffff,1,,0.0,
8744c1c43ffffff,12,158.6423765825581,2103.0,2002.0
8744c1c44ffffff,1,202.70842149809565,2363.0,1998.0
8744c1c45ffffff,8,205.10903341625888,1284.0,1998.0
8744c1c48ffffff,7,188.67924528301887,1560.0,2001.0
8744c1c49ffffff,13,186.21973929236495,2191.0,2002.0
8744c1c4affffff,12,162.40493407474455,2617.0,2006.0
8744c1c4bffffff,10,170.89733901872944,1761.5,2000.0
8744c1c4cffffff,16,176.2096496799862,1796.5,2000.0
8744c1c4dffffff,5,148.33333333333334,3000.0,2015.0
8744c1c4effffff,17,173.59413202933985,1918.0,2002.0
8744c1c58ffffff,8,307.5479898492124,1019.5,2000.0
8744c1c59ffffff,5,183.8778409090909,1502.0,2001.0
8744c1c5bffffff,5,140.10152284263958,2058.0,2001.0
8744c1c5cffffff,48,,0.0,2000.0
8744c1c5dffffff,3,215.76,1875.0,2001.5
8744c1c60ffffff,3,193.9655172413793,1624.0,1880.0
8744c1c61ffffff,5,155.8214747736093,1612.0,1995.5
8744c1c63ffffff,3,241.93548387096777,1404.0,2005.5
8744c1c64ffffff,1,145.14806378132118,2195.0,2001.0
8744c1c65ffffff,6,171.25484902422224,1829.0,2011.5
8744c1c68ffffff,11,143.97266959492435,1349.0,1993.0
8744c1c69ffffff,5,163.84915474642392,1621.0,1992.0
8744c1c6affffff,10,158.6191815028816,1988.0,1998.0
8744c1c6bffffff,16,201.30523501266535,1374.0,1998.0
8744c1c6cffffff,6,199.0192812634714,1808.0,1994.5
8744c1c6dffffff,12,152.13151518792176,1897.5,1992.0
8744c1c6effffff,6,180.8695583877372,1859.5,1998.5
8744c1d49ffffff,12,172.7007194856509,1628.5,2000.0
8744c1d4bffffff,3,205.55555555555551,1260.0,2001.0
8744c1d4dffffff,1,172.2252597047567,1829.0,2018.0
8744cc404ffffff,2,,936.0,1995.0
8744cc406ffffff,2,289.1313407954275,2590.0,1971.0
8744cc414ffffff,1,224.66960352422907,2497.0,2005.0
8744cc421ffffff,1,,0.0,
8744cc424ffffff,3,228.71376811594203,2208.0,1994.5
8744cc425ffffff,1,294.4062806673209,1019.0,1948.0
8744cc426ffffff,3,,0.0,1967.0
8744cc430ffffff,2,,2155.5,2005.0
8744cc431ffffff,6,498.94405071405674,1172.0,1973.0
8744cc432ffffff,6,,0.0,2002.0
8744cc433ffffff,2,,972.0,1980.5
8744cc434ffffff,3,97.79434286607282,1872.0,1981.0
8744cc435ffffff,4,234.21823359301226,1152.0,1994.0
8744cc4a4ffffff,9,213.0977130977131,962.0,1995.0
8744cc4b0ffffff,1,179.55744680851063,1410.0,1982.0
8744cc4b4ffffff,1,131.98757763975155,1288.0,1973.0
8744cc4b5ffffff,1,87.41258741258741,1716.0,1990.0
8744cc500ffffff,3,287.01485385721134,2087.0,2015.0
8744cc501ffffff,1,344.94086727989486,1522.0,2017.0
8744cc502ffffff,20,256.6805014640248,2125.0,2013.0
8744cc503ffffff,9,263.0194634402946,1901.0,2017.0
8744cc504ffffff,9,,0.0,2001.5
8744cc506ffffff,2,222.88799240626486,3007.0,1998.5
8744cc508ffffff,1,348.3125,1296.0,1985.0
8744cc509ffffff,40,,616.0,1989.0
8744cc50affffff,22,,0.0,2003.0
8744cc50bffffff,1,,0.0,
8744cc50dffffff,13,265.37698412698415,1088.0,1984.0
8744cc50effffff,3,152.17391304347825,2760.0,1985.0
8744cc510ffffff,11,223.0046948356807,1632.0,2000.0
8744cc511ffffff,14,184.67399062781243,1227.0,1976.0
8744cc512ffffff,7,266.764922623434,1357.0,2017.5
8744cc513ffffff,8,254.48332422088572,1912.5,2021.5
8744cc514ffffff,22,222.0689536088408,1754.0,1986.5
8744cc515ffffff,21,249.42660550458712,1948.0,1962.5
8744cc516ffffff,2,,673.0,1998.0
8744cc518ffffff,1,239.26767676767676,1584.0,1996.0
8744cc519ffffff,2,249.65796781834518,3766.0,2004.5
8744cc51affffff,11,206.91225165562915,2919.0,2017.0
8744cc51bffffff,8,,0.0,1994.5
8744cc51cffffff,10,205.73822948282714,3044.0,2003.0
8744cc51dffffff,1,347.44505494505495,1820.0,2019.0
8744cc51effffff,44,,0.0,2019.5
8744cc520ffffff,4,205.4363097765625,3013.5,2001.5
8744cc522ffffff,20,186.60413153456997,3207.0,2004.0
8744cc523ffffff,1,147.7987421383648,3180.0,1994.0
8744cc524ffffff,6,228.0451457486701,1924.0,2001.0
8744cc525ffffff,4,257.1251548946716,1975.5,2002.0
8744cc526ffffff,22,201.9713894681135,3743.0,2000.5
8744cc528ffffff,1,,0.0,1991.0
8744cc52bffffff,2,,940.0,2005.0
8744cc52cffffff,2,232.44555315943808,1977.5,1997.0
8744cc52dffffff,4,,1453.5,1996.0
8744cc530ffffff,32,202.0569555381078,1858.5,2000.0
8744cc531ffffff,36,183.08187836154508,2230.0,2006.0
8744cc532ffffff,2,,1136.5,2001.0
8744cc533ffffff,16,197.41870151706217,1913.0,2004.5
8744cc534ffffff,51,202.95902883156296,1749.0,2004.0
8744cc535ffffff,28,195.14437064598764,2862.0,2003.0
8744cc536ffffff,18,255.08982035928145,1640.0,1987.0
8744cc550ffffff,4,,806.0,1996.5
8744cc552ffffff,2,312.916592605759,1704.0,2001.5
8744cc554ffffff,10,,0.0,1996.0
8744cc55cffffff,1,369.95515695067263,4460.0,2023.0
8744cc55effffff,3,,0.0,
8744cc570ffffff,3,200.56157240272765,2493.0,2022.0
8744cc571ffffff,1,,0.0,
8744cc572ffffff,19,231.4814814814815,2164.0,2019.5
8744cc576ffffff,17,,0.0,2002.0
8744cc580ffffff,2,255.10204081632656,2352.0,2004.0
8744cc582ffffff,3,,0.0,2001.0
8744cc583ffffff,2,,1148.0,1997.0
8744cc584ffffff,4,,576.0,1990.0
8744cc586ffffff,3,239.28422804827295,1785.0,1992.0
8744cc588ffffff,1,,0.0,
8744cc58affffff,14,308.2773422918999,1703.0,1997.0
8744cc58bffffff,3,258.5365853658537,1886.0,2014.0
8744cc58cffffff,3,43.49105937921728,5928.0,2008.0
8744cc58effffff,39,210.75873143315937,1728.0,2011.0
8744cc590ffffff,3,260.6177606177606,1036.0,1991.5
8744cc591ffffff,5,214.64646464646464,1696.0,2000.0
8744cc592ffffff,4,100.81549439347604,3924.0,1992.0
8744cc593ffffff,2,,1134.0,1977.0
8744cc594ffffff,3,218.98496240601503,3192.0,2003.0
8744cc596ffffff,14,,0.0,1977.0
8744cc599ffffff,11,351.79786200194366,1354.0,2005.0
8744cc59affffff,2,,0.0,
8744cc59cffffff,2,267.33676172666355,1863.5,2014.0
8744cc59dffffff,4,272.0557319959061,2146.5,2000.0
8744cc5a0ffffff,2,,1060.5,1924.0
8744cc5a1ffffff,2,203.30612569248933,2973.0,2004.5
8744cc5a2ffffff,4,269.0433669601633,1807.0,1958.5
8744cc5a3ffffff,6,233.49156118143458,2380.0,2012.5
8744cc5a4ffffff,12,228.20609969247107,2646.5,1999.5
8744cc5a5ffffff,21,267.75711404884606,2091.0,1987.0
8744cc5a6ffffff,2,344.7579798643629,2526.5,2003.0
8744cc5a8ffffff,8,190.06737750302977,1776.5,2018.0
8744cc5a9ffffff,11,209.96769727734195,2288.0,2019.0
8744cc5aaffffff,13,112.5,3413.0,1998.0
8744cc5abffffff,1,36.59250585480094,3416.0,1997.0
8744cc5acffffff,21,,0.0,2010.5
8744cc5adffffff,10,187.77616998422042,2294.5,2013.5
8744cc5aeffffff,13,199.6706463565253,2288.0,2015.5
8744cc5b0ffffff,11,214.37908496732027,3574.0,2006.5
8744cc5b1ffffff,17,180.50541516245488,2805.0,2011.0
8744cc5b2ffffff,15,188.9168765743073,3902.0,2000.0
8744cc5b3ffffff,13,358.3159359777314,1628.0,1999.5
8744cc5b4ffffff,11,233.22569070685324,4387.0,2011.0
8744cc5b5ffffff,18,207.6751740270863,2881.5,2005.0
8744cc5b6ffffff,6,271.06951414254263,4918.0,2003.0
8744ccc02ffffff,15,405.3398058252427,1832.0,1992.5
8744ccc06ffffff,31,1059.821428571429,1521.0,1990.0
8744ccc10ffffff,23,232.17550274223035,1641.0,1986.0
8744ccc11ffffff,12,205.04609610834626,1530.0,1993.0
8744ccc12ffffff,58,227.10362554112555,1398.0,1999.0
8744ccc13ffffff,12,189.4268345636127,1891.0,2005.0
8744ccc14ffffff,20,247.90990899671124,1978.0,2002.0
8744ccc15ffffff,6,183.5596944922204,1657.0,1990.0
8744ccc16ffffff,27,199.85974754558205,1932.0,1999.0
8744ccc30ffffff,19,198.3231215736859,3101.0,1999.0
8744ccc31ffffff,9,233.02938196555215,2399.0,2003.0
8744ccc32ffffff,16,267.8411598586442,1565.5,1981.0
8744ccc33ffffff,6,278.46364558487824,2351.0,2000.0
8744ccc34ffffff,40,201.3728336160877,3369.0,1996.0
8744ccc35ffffff,2,102.74354367538912,3312.0,2021.0
8744ccc36ffffff,31,210.69989006962257,2546.0,2003.0
8744ccc80ffffff,52,276.43396076882675,1398.0,1997.0
8744ccc81ffffff,35,216.13832853025937,1752.0,1994.0
8744ccc82ffffff,24,222.16912651730075,2142.0,1995.0
8744ccc83ffffff,43,184.2741935483871,2580.0,1992.0
8744ccc84ffffff,29,209.7902097902098,1850.0,1986.5
8744ccc85ffffff,33,200.25839793281656,1605.0,2002.0
8744ccc86ffffff,31,212.58620689655172,1830.0,1987.0
8744ccc88ffffff,6,205.61701422172482,2497.0,1987.0
8744ccc8affffff,10,198.5434506420517,2120.0,1991.5
8744ccc8cffffff,3,265.68825910931173,1490.0,1977.5
8744ccc8effffff,37,212.12121212121212,1998.0,1994.5
8744ccc90ffffff,54,300.13440881339153,2068.0,2007.0
8744ccc91ffffff,39,223.88059701492537,2066.0,2000.0
8744ccc92ffffff,32,240.2741737573673,1920.0,2000.0
8744ccc93ffffff,43,243.48099277411248,2311.0,2014.0
8744ccc94ffffff,45,214.72392638036808,1484.0,1986.0
8744ccc95ffffff,32,235.21043702819708,1956.0,2002.5
8744ccc96ffffff,50,220.19390343800882,1916.0,1992.0
8744ccc98ffffff,8,200.51896143599515,2726.5,1992.0
8744ccc99ffffff,20,211.7937342496332,2052.0,2001.0
8744ccc9affffff,21,187.09234466186064,2913.0,2002.0
8744ccc9bffffff,13,193.9655172413793,2682.0,1998.0
8744ccc9cffffff,28,180.03667397861255,3612.5,1994.0
8744ccc9dffffff,15,178.57142857142858,3584.0,1992.0
8744ccc9effffff,16,247.42268041237114,1910.0,2003.0
8744ccca0ffffff,85,187.3666239863423,1776.0,1999.0
8744ccca1ffffff,73,211.21883656509695,1650.0,1999.0
8744ccca2ffffff,65,193.36778639104224,1936.0,1988.5
8744ccca3ffffff,53,189.0221737549982,2002.0,1995.0
8744ccca4ffffff,71,235.8490566037736,1472.0,1992.5
8744ccca5ffffff,58,188.46809238691782,2355.0,1999.0
8744ccca6ffffff,64,234.1563699407966,1166.0,1984.0
8744ccca8ffffff,5,189.40548780487805,2008.0,1986.0
8744cccaaffffff,10,232.37864509375703,1636.5,1987.5
8744cccacffffff,2,,1778.0,1997.0
8744cccaeffffff,50,191.34155318365845,1976.0,2005.0
8744cccb0ffffff,35,195.3125,1999.0,1972.0
8744cccb1ffffff,68,201.40700742243507,2174.0,1987.0
8744cccb2ffffff,71,281.9548872180451,1333.0,1980.0
8744cccb3ffffff,37,214.6946564885496,1971.0,1987.0
8744cccb4ffffff,45,10228.882490793438,1547.0,1992.5
8744cccb5ffffff,39,224.609375,2072.0,1995.0
8744cccb6ffffff,29,200.86083213773315,1716.0,1990.0
8744cccd0ffffff,3,267.0940170940171,1404.0,1985.0
8744cccd2ffffff,7,245.53571428571428,2016.0,2010.0
8744cccd3ffffff,3,,0.0,2017.0
8744cccd4ffffff,1,200.0,2800.0,2003.0
8744ccd10ffffff,3,215.66150931480897,3168.0,2004.0
8744ccd12ffffff,34,212.7845427953556,2593.5,1999.0
8744ccd13ffffff,7,305.980528511822,2040.0,2012.0
8744ccd14ffffff,1,170.94017094017093,1404.0,1971.0
8744ccd16ffffff,14,176.432515556363,3470.5,2007.0
8744ccd1affffff,32,184.67267514773508,2891.0,1995.5
8744ccd1bffffff,2,204.8447349756231,3493.5,2001.5
8744ccd1effffff,15,201.32275132275132,1890.0,1995.0
8744ccd32ffffff,1,183.05814788226849,2786.0,2003.0
8744ccd80ffffff,29,222.72727272727272,2193.0,1995.0
8744ccd81ffffff,39,208.02192326856004,2400.0,1987.0
8744ccd82ffffff,7,238.0952380952381,3270.0,1989.5
8744ccd83ffffff,29,217.82635467980296,3419.0,2001.0
8744ccd84ffffff,29,244.63007159904535,2493.0,2000.0
8744ccd85ffffff,40,231.3966800228964,1747.0,1982.0
8744ccd86ffffff,19,269.93865030674846,1620.0,1981.5
8744ccd88ffffff,41,202.67888614733872,2300.0,1994.0
8744ccd89ffffff,41,240.17467248908295,1540.0,1990.0
8744ccd8affffff,72,256.12244897959187,1274.5,1983.0
8744ccd8bffffff,52,222.77597541193546,1634.5,1996.5
8744ccd8cffffff,17,218.23850350740452,3603.0,2001.0
8744ccd8dffffff,37,214.95570609692547,2110.0,1992.0
8744ccd8effffff,32,193.40984407302864,2292.0,1996.0
8744ccd90ffffff,69,283.8541666666667,1980.0,2003.0
8744ccd91ffffff,19,351.12359550561797,2745.0,1980.0
8744ccd92ffffff,93,267.09225700164745,1566.0,1962.0
8744ccd93ffffff,46,253.62860840980238,1601.0,1984.0
8744ccd94ffffff,80,190.99277205530512,1520.0,1983.0
8744ccd95ffffff,82,220.17169982569592,1738.0,1982.0
8744ccd96ffffff,22,259.16707633768,1596.0,1987.0
8744ccd98ffffff,28,193.4865900383142,1978.0,2005.5
8744ccd99ffffff,52,281.70684057713197,1455.0,1986.0
8744ccd9affffff,24,190.6739631391235,1776.0,2004.0
8744ccd9bffffff,4,178.21505454823438,2406.0,1986.5
8744ccd9cffffff,27,220.06472491909383,3090.0,2003.0
8744ccd9dffffff,36,214.89342376165678,1840.0,2004.0
8744ccd9effffff,27,189.73509933774835,2710.0,2005.5
8744ccda0ffffff,13,257.2347266881029,2104.0,1994.5
8744ccda1ffffff,19,217.6192973256424,2270.0,1985.0
8744ccda2ffffff,20,178.45778742523086,2416.5,1989.0
8744ccda3ffffff,32,210.95299508553896,1797.0,1987.0
8744ccda4ffffff,26,172.91429689989747,2749.5,2003.0
8744ccda5ffffff,25,211.31528046421664,2068.0,2004.0
8744ccda6ffffff,47,192.30769230769232,1526.0,1991.5
8744ccda8ffffff,16,191.05392988888133,3109.0,1988.0
8744ccda9ffffff,28,212.0035480261786,2942.0,1998.5
8744ccdaaffffff,15,219.8888202594194,1673.0,1988.0
8744ccdabffffff,23,196.1206896551724,2232.0,1993.0
8744ccdacffffff,21,254.6806167400881,1923.0,2002.0
8744ccdadffffff,21,211.10126956008267,2512.0,1999.0
8744ccdaeffffff,11,242.18009478672985,1920.0,1988.0
8744ccdb0ffffff,16,229.43867408379214,1525.0,1980.5
8744ccdb1ffffff,19,193.1818181818182,3094.0,1990.0
8744ccdb2ffffff,46,204.0843995562659,1615.5,2000.0
8744ccdb3ffffff,37,213.05841924398624,1839.0,1983.5
8744ccdb4ffffff,52,204.56466610312765,1657.5,1989.0
8744ccdb5ffffff,40,196.88106872141827,2259.0,1996.0
8744ccdb6ffffff,33,264.4230769230769,1356.0,1966.5
8744ce806ffffff,1,,0.0,
8744ce814ffffff,9,591.6666666666666,1376.0,1994.0
8744ce820ffffff,24,207.79596064645145,2289.0,2011.5
8744ce821ffffff,19,,0.0,2018.0
8744ce822ffffff,32,242.8040577194315,1499.0,2004.0
8744ce823ffffff,1,326.84824902723733,2570.0,2021.0
8744ce824ffffff,9,266.1309259790748,2505.0,2005.0
8744ce825ffffff,15,191.67217448777265,3235.0,2017.0
8744ce826ffffff,6,224.36614323478386,2893.5,2002.0
8744ce830ffffff,9,196.1553705905668,2230.0,2001.0
8744ce831ffffff,6,408.4030178171015,956.0,2001.0
8744ce832ffffff,19,,0.0,2000.0
8744ce833ffffff,6,234.2496952588696,1231.5,2012.0
8744ce834ffffff,6,,0.0,
8744ce835ffffff,6,192.08561413617593,3022.5,2017.0
8744ce836ffffff,8,250.34138084144013,1811.5,2000.0
8744ce900ffffff,24,291.8467558374466,1282.0,1986.0
8744ce901ffffff,27,299.45553539019966,1152.0,1992.0
8744ce902ffffff,14,316.8183799466491,2274.0,1995.0
8744ce903ffffff,23,299.6389891696751,1385.0,1984.0
8744ce904ffffff,7,232.43470935130583,1330.0,1986.5
8744ce905ffffff,17,315.48250265111346,1288.0,1986.0
8744ce906ffffff,4,,0.0,1962.5
8744ce908ffffff,16,207.39878694412386,2471.5,2006.0
8744ce909ffffff,14,296.0904218253864,1805.0,1997.0
8744ce90affffff,8,209.94582043343655,2150.0,2018.0
8744ce90bffffff,12,208.22477968328764,2408.5,2016.5
8744ce90cffffff,13,239.29471032745593,2071.0,2006.0
8744ce90dffffff,4,255.13840895787308,3851.0,2004.0
8744ce90effffff,11,253.57142857142856,2240.0,2013.0
8744ce911ffffff,8,,0.0,2007.0
8744ce913ffffff,4,336.6694970510455,1552.0,2001.0
8744ce915ffffff,1,1437.086092715232,1510.0,1978.0
8744ce918ffffff,21,340.0,750.0,2002.5
8744ce919ffffff,3,19120.147321428572,896.0,1960.0
8744ce91affffff,10,226.49431460302515,1848.0,1999.0
8744ce91bffffff,1,416.6666666666667,816.0,1972.0
8744ce91cffffff,5,308.93300248138956,1612.0,1996.5
8744ce91dffffff,7,312.1902874132805,2018.0,2000.0
8744ce91effffff,15,596.2343096234309,1040.0,1984.0
8744ce920ffffff,17,223.6885516331244,2293.0,1994.0
8744ce921ffffff,10,247.0099301292945,1809.0,2002.5
8744ce922ffffff,20,232.7911564317847,2384.5,2002.0
8744ce923ffffff,26,247.7112689059827,2362.5,1995.5
8744ce924ffffff,35,265.92140921409214,2872.0,2004.0
8744ce925ffffff,15,220.1974183750949,2634.0,2005.0
8744ce926ffffff,19,269.6793002915452,2951.0,1998.0
8744ce928ffffff,12,258.55791764312016,1373.0,1998.0
8744ce929ffffff,6,230.9838394028956,1993.5,1997.0
8744ce92affffff,21,234.375,1508.0,2004.0
8744ce92bffffff,6,254.93323880420655,2074.0,1994.0
8744ce92cffffff,28,236.1996644295302,1541.5,2001.0
8744ce92dffffff,16,237.51192228876758,2258.5,1989.0
8744ce92effffff,12,,570.0,1997.0
8744ce930ffffff,2,324.42458762501866,1629.0,1989.5
8744ce932ffffff,2,550.2218808670422,1542.0,1966.5
8744ce934ffffff,25,204.34782608695653,2093.0,2006.0
8744ce935ffffff,9,207.45069393718043,2732.0,2004.0
8744ce936ffffff,22,213.09052009088222,1883.0,1997.0
8744ce940ffffff,3,,0.0,
8744ce941ffffff,3,180.24036762106752,2716.0,2005.0
8744ce942ffffff,5,236.0788863109049,1724.0,2002.0
8744ce944ffffff,8,208.3111370555029,2753.0,2017.5
8744ce945ffffff,2,185.04763102057004,2702.5,2005.0
8744ce946ffffff,6,236.46079017558452,2626.0,2016.0
8744ce950ffffff,10,,0.0,2004.0
8744ce952ffffff,12,362.03975236233305,1460.0,1981.0
8744ce954ffffff,11,,0.0,2002.0
8744ce955ffffff,18,220.85693431329207,2868.5,2008.0
8744ce956ffffff,4,264.1197446562737,1884.0,2001.0
8744ce960ffffff,11,228.31050228310505,1688.0,1985.0
8744ce962ffffff,27,,0.0,1990.0
8744ce963ffffff,9,269.41747572815535,2528.0,2014.0
8744ce964ffffff,12,278.87183160067616,1612.5,1998.0
8744ce965ffffff,2,259.1374990743712,3381.5,2003.0
8744ce966ffffff,4,225.83244859725303,2619.5,2020.5
8744ce968ffffff,1,206.0439560439561,2184.0,1963.0
8744ce969ffffff,1,290.95238095238096,2100.0,2005.0
8744ce96bffffff,1,,0.0,1910.0
8744ce96cffffff,2,393.82914942997576,5480.0,1984.0
8744ce96effffff,4,232.85378341324764,2573.0,1994.5
8744ce970ffffff,14,200.25118421382405,1981.0,1996.0
8744ce971ffffff,18,222.5130890052356,2639.0,2011.5
8744ce972ffffff,17,251.31179232256284,1517.0,1998.0
8744ce973ffffff,8,213.36329965960033,2528.0,2019.5
8744ce974ffffff,14,337.28217752598823,1799.0,1991.0
8744ce975ffffff,10,222.73808720054717,2501.0,2009.5
8744ce976ffffff,9,230.6791569086651,2588.0,2000.5
8744ce988ffffff,2,401.79513283767346,1600.5,1986.5
8744ce989ffffff,22,401.3480392156863,912.0,1998.0
8744ce98cffffff,7,324.5382585751979,1784.0,1983.0
8744ce98dffffff,6,282.2833738758661,1813.5,2000.0
8744ce9a8ffffff,18,229.7444160565101,1963.0,1995.0
8744ce9a9ffffff,8,199.238884359964,2406.5,2004.0
8744ce9aaffffff,4,,0.0,2023.0
8744ce9abffffff,5,403.6164029706167,1922.0,1990.0
8744ce9acffffff,4,382.1457262210797,1338.0,2016.0
8744ce9adffffff,12,475.9357815297042,1270.5,1999.0
8744ce9aeffffff,1,354.17419588001445,2767.0,2019.0
8744ea480ffffff,2,219.85539817522346,3541.0,2005.0
8744ea482ffffff,45,233.91812865497076,1457.0,1993.0
8744ea483ffffff,33,226.41509433962264,2915.0,2018.0
8744ea486ffffff,5,274.31996311664363,2458.0,1996.0
8744ea48affffff,8,228.05791561054787,2256.5,1989.5
8744ea48effffff,4,324.2827983760626,2082.0,2019.0
8744ea490ffffff,32,236.01321881734015,1899.5,1981.0
8744ea491ffffff,20,234.90729153760375,1733.0,1983.0
8744ea492ffffff,6,254.5488221714599,2257.0,1985.0
8744ea493ffffff,6,336.81476929009557,3461.0,1995.0
8744ea494ffffff,32,251.4083876135669,1492.0,1988.0
8744ea495ffffff,16,274.05238211426615,1704.0,1980.0
8744ea496ffffff,13,229.40655447298496,2379.0,1990.0
8744ea498ffffff,12,313.11718824379267,3521.0,2004.0
8744ea499ffffff,14,212.40841360616596,2627.5,2002.0
8744ea49affffff,4,478.2605858090117,1794.5,1973.0
8744ea49bffffff,11,222.87546766435065,2218.0,1993.0
8744ea49cffffff,20,262.5713938218174,2423.0,1993.5
8744ea49dffffff,25,272.1246271130262,2486.0,2008.0
8744ea49effffff,19,256.34644101543057,3813.0,2000.0
8744ea4b3ffffff,1,308.4466940841506,3161.0,1996.0
8744ea4c0ffffff,11,575.0,1800.0,2019.0
8744ea4c1ffffff,1,,0.0,
8744ea4c2ffffff,6,495.40779931042687,1421.0,2015.0
8744ea4c3ffffff,7,503.78429517502366,2114.0,2006.0
8744ea4c5ffffff,1,338.0900109769484,911.0,1987.0
8744ea4ceffffff,3,317.46031746031747,1134.0,1960.0
8744ea4d2ffffff,2,214.58909815823142,1169.0,1987.5
8744ea4d3ffffff,25,162.26504394861394,1659.0,2002.0
8744ea4daffffff,3,166.03415559772296,1562.0,1995.0
8744ea4deffffff,1,176.15176151761517,2214.0,1974.0
8744ea4eaffffff,1,,0.0,
8744ea4ebffffff,1,212.3065851025549,2779.0,2022.0
8744ea612ffffff,6,126.75285278045644,3011.0,2000.0
8744ea616ffffff,1,201.46137787056367,2395.0,1996.0
8744ea680ffffff,5,130.33175355450237,1266.0,1994.0
8744ea684ffffff,3,,0.0,1990.0
8744ea685ffffff,1,183.29466357308584,4741.0,2005.0
8744ea686ffffff,15,173.48377997179125,1418.0,2001.0
8744ea690ffffff,26,193.89815013918314,1208.0,1997.0
8744ea692ffffff,21,208.15450643776825,1386.0,2000.0
8744ea693ffffff,3,128.79322512350035,2077.0,2007.0
8744ea694ffffff,19,,0.0,2017.0
8744ea696ffffff,30,165.1275534702501,1288.5,1964.5
8744ea6a0ffffff,2,137.3565348370008,2571.5,2007.0
8744ea6a1ffffff,35,154.7543075941289,2263.0,2004.0
8744ea6a2ffffff,4,,11649.0,2006.5
8744ea6a3ffffff,6,116.1863939957309,2674.0,2004.5
8744ea6a4ffffff,4,,1049.0,1987.5
8744ea6a5ffffff,13,211.76078431372548,1293.0,2002.0
8744ea6a6ffffff,7,167.9451287793953,2665.0,2004.0
8744ea6a8ffffff,3,,0.0,2021.0
8744ea6acffffff,6,164.1385578172155,2098.5,2000.0
8744ea6aeffffff,3,249.50090744101632,2204.0,2005.0
8744ea6b0ffffff,7,191.71779141104295,1412.0,1988.5
8744ea6b1ffffff,6,215.66635053967394,1331.0,2001.5
8744ea6b2ffffff,17,192.896509491733,1320.0,1973.5
8744ea6b3ffffff,4,,0.0,2007.0
8744ea6b4ffffff,3,133.93525179856115,2196.0,2001.0
8744ea6b5ffffff,5,194.25675675675672,2368.0,2002.0
8744ea6b6ffffff,24,160.9805675258151,1384.5,1973.0
8744ea780ffffff,3,100.58167716917112,4126.0,2002.0
8744ea781ffffff,1,150.3861003861004,1554.0,1960.0
8744ea782ffffff,7,192.6345609065156,1277.0,1975.0
8744ea783ffffff,2,179.80044595074258,2435.0,2003.5
8744ea784ffffff,2,,2879.0,2006.0
8744ea785ffffff,2,163.74868127070593,2351.0,1983.0
8744ea786ffffff,6,227.15985215985216,1141.0,1990.5
8744ea78affffff,1,182.96853625171,2924.0,2004.0
8744ea78bffffff,2,132.26750676070273,3426.0,1979.0
8744ea78cffffff,1,329.00528169014086,2272.0,2016.0
8744ea78effffff,1,203.84615384615384,1300.0,2000.0
8744ea790ffffff,3,80.53150795248641,3875.0,1944.5
8744ea791ffffff,4,198.14532991635633,2882.5,2001.5
8744ea792ffffff,1,,0.0,
8744ea793ffffff,2,,752.0,1985.0
8744ea794ffffff,1,208.33333333333337,720.0,1966.0
8744ea795ffffff,2,,719.0,1977.0
8744ea796ffffff,1,,0.0,
8744ea798ffffff,1,181.2783318223028,2206.0,1971.0
8744ea799ffffff,7,204.65994962216624,1440.0,1993.5
8744ea79affffff,9,155.82450832072618,1322.0,1972.0
8744ea79bffffff,1,213.07861866274797,1361.0,1997.0
8744ea79cffffff,7,151.37401024685607,3718.0,2003.5
8744ea79dffffff,3,13.588208198986642,2171.0,1995.0
8744ea79effffff,1,134.65116279069767,4300.0,1997.0
8744ea7b1ffffff,20,,0.0,2001.5
8744ea7b3ffffff,1,,0.0,
