name,type,total_sales,median_year_built,median_area,median_sale_price,median_price_sf
13057090101,tract,69,2002,2112,410000,223.4636872
13057090102,tract,90,2012,2308,452500,211.4268823
13057090103,tract,70,2013,2038,357500,185.1377789
13057090201,tract,56,1999.5,1958.5,404500,220.9902159
13057090202,tract,186,1998,2212,432500,198.4464618
13057090301,tract,96,2003.5,3346,616250,186.6445689
13057090302,tract,38,2002,2439,544950,187.7875877
13057090303,tract,126,2008,2379,504559,196.4877402
13057090401,tract,24,1992,1572,267650,200.5298546
13057090402,tract,129,2016,2104,432000,203.1019202
13057090503,tract,92,2001.5,3375,888550,270.3568078
13057090504,tract,89,2005,3206,615000,198.771636
13057090505,tract,95,2004,2874,647500,213.6871508
13057090506,tract,66,2002.5,2816.5,625000,220.9400887
13057090507,tract,25,2001,2846,700000,209.0464548
13057090603,tract,88,2000,2507.5,510500,198.8897567
13057090604,tract,25,1993,2357,500000,211.9944212
13057090605,tract,52,1992,1760,338960,190.6479132
13057090606,tract,48,1999.5,1914.5,426750,201.2174984
13057090703,tract,52,1988,1628,395201,220.4389358
13057090704,tract,61,1986,1676,360000,226.1904762
13057090705,tract,36,1998.5,2535,500000,197.7262266
13057090706,tract,63,2000,3008,575000,195.5877511
13057090707,tract,54,2005,1696,340000,203.9285707
13057090708,tract,77,2004,1979,382500,195.6680585
13057090709,tract,95,2015,1919,390000,202.6635785
13057090710,tract,42,2002,2873.5,570500,184.4697605
13057090805,tract,102,1988,2226,487500,223.3412322
13057090806,tract,71,2002,2028,410000,199.4535519
13057090807,tract,127,2009,2497,509500,209.9802372
13057090808,tract,106,2000.5,2793.5,592500,204.390491
13057090809,tract,73,1988,2634,545000,208.3333333
13057090810,tract,85,2006,2914,605000,203.0066815
13057090905,tract,68,1992,1294.5,339950,256.310583
13057090906,tract,120,2006,2480.5,533750,229.1644742
13057090907,tract,71,1992,1863,430000,238.6363636
13057090908,tract,118,2004,1781.5,425000,228.6171179
13057090909,tract,92,2007,2327,547500,230.5973692
13057090910,tract,78,2000,2060,447500,223.7494544
13057090911,tract,89,1995,2364,485000,220.9856916
13057090912,tract,62,1993.5,2228,423700,210.4259785
13057091001,tract,125,2004,1863,410000,240.1129944
13057091006,tract,75,1993,2710,515000,186.8228404
13057091007,tract,92,1993,2365,451500,193.3619085
13057091009,tract,72,1999,2168,469250,213.3819717
13057091010,tract,27,1994,3630,655000,177.5406775
13057091011,tract,49,1995,2220,445000,205.2583026
13057091012,tract,60,1997,2148,413500,222.826206
13057091013,tract,59,1985,2029,410000,193.1423611
13057091014,tract,58,1999,1845,370000,199.0585521
13057091101,tract,96,1986,1912,415000,210.6422399
13057091104,tract,92,2007,2256,422450,177.3211252
13057091105,tract,65,1996,1972,365000,198.0519481
13057091106,tract,69,1989,1670,340000,199.4011976
13057091107,tract,134,1994,5063,439072.5,90.58315228
13057091108,tract,28,1988,1766.5,358750,196.28229
13063040202,tract,40,1977,1372.5,189000,133.1018519
13063040203,tract,58,1987.5,1854,240000,136.923694
13063040204,tract,46,2007,1730,268700,155.7715442
13063040302,tract,64,1962,1199,160000,138.1430964
13063040306,tract,8,1963.5,1879,227000,121.529999
13063040307,tract,50,1962,1250,181150,139.7788834
13063040308,tract,65,1952,1111,135000,122.7495908
13063040309,tract,41,1966,1470,201500,142.8571429
13063040310,tract,54,1957,1395.5,173200,127.3507093
13063040407,tract,81,1968,1529,208000,147.2431078
13063040409,tract,83,1973,1381,209090,162.3646961
13063040410,tract,96,1968,1509,200000,126.543859
13063040414,tract,27,1963,1313,150000,118.2795699
13063040416,tract,66,1965,1295,173500,133.7611824
13063040417,tract,31,2005,1536,214900,142.4050633
13063040418,tract,17,1968,1746,229000,131.1569301
13063040419,tract,24,1966,1393,230500,161.3913255
13063040420,tract,112,1993,1540,237400,150
13063040421,tract,92,2000,2120.5,280400,129.184347
13063040423,tract,31,1964,1657,206000,119.7978629
13063040424,tract,19,2013,1907,258000,146.5386559
13063040425,tract,80,1969,1511,227000,141.2632417
13063040426,tract,43,1973,1397,195000,132.8903654
13063040427,tract,69,1996,1494,242000,155.7907113
13063040509,tract,65,1977,1654,230000,134.0996169
13063040510,tract,48,1963,1553,214650,148.705587
13063040512,tract,57,1980,1708,195000,129.4291339
13063040513,tract,75,1977,1697,225000,141.4
13063040518,tract,78,1973,1364,212000,149.087631
13063040519,tract,1,1962,1250,216000,172.8
13063040521,tract,55,1968,1350,181000,134.8534202
13063040522,tract,58,1970,1406,220500,148.8639166
13063040523,tract,35,1974,1528,210000,139.3629124
13063040525,tract,57,1983,1420,208900,133.3333333
13063040527,tract,21,2004,1695,216000,134.5144357
13063040528,tract,19,1981,1888,228700,118.9613527
13063040529,tract,47,1984,1372,199000,146.3963964
13063040530,tract,42,1979.5,1580,226500,131.1347655
13063040531,tract,17,1988,1254,199770,152.284264
13063040532,tract,7,1997,1489,230950,152.5297619
13063040533,tract,37,1984,1320,224117,156.3968668
13063040534,tract,44,1986,1463,192500,141.1290323
13063040535,tract,48,1994,1518,220000,147.8665366
13063040536,tract,48,1971,1443,223450,140.0327315
13063040537,tract,54,1987,1504.5,212100,143.5992727
13063040538,tract,47,1983,1526,196000,142.2413793
13063040606,tract,89,2009,1784,277500,145.9034792
13063040609,tract,73,1985,1958,260000,132.0357706
13063040614,tract,82,1983,2186.5,313500,159.2706077
13063040615,tract,32,1980,1865.5,226177.5,132.1983275
13063040623,tract,80,1993,1453,232500,162.7339611
13063040624,tract,35,1991,1976,256201,130.3997502
13063040625,tract,82,1992.5,1517,237250,149.3068335
13063040626,tract,55,2000,2000,255000,134.5846645
13063040627,tract,83,1985,1752,249000,138.2681564
13063040628,tract,42,1992,2606,332500,130.8850859
13063040629,tract,16,1968,1248,145000,121.1506751
13063040630,tract,47,1967,1424,195000,121.37559
13063040631,tract,92,1996,1932.5,284000,134.8374399
13063040632,tract,21,1997,1760,241000,130.8139535
13063040633,tract,42,1975,1595,221150,128.5586635
13063040634,tract,37,1972,1366,213000,145.5026455
13063040635,tract,41,1959,1488,250000,151.2605042
13063040636,tract,43,2004,2329,329000,133.1043366
13063040637,tract,43,2005,1448,215000,150.9186352
13063040638,tract,40,1997,2047,294500,156.7264229
13063040639,tract,58,2016.5,2755.5,359500,125.745545
13067030104,tract,75,1992,1544,325000,205.3846154
13067030107,tract,75,1999,1960,400000,197.1014493
13067030108,tract,82,1991.5,1933.5,378000,205.1726862
13067030109,tract,52,1998,1703,359000,227.8182104
13067030110,tract,79,1999,1976,400000,194.4837341
13067030111,tract,68,2000,1950,396500,188.0883361
13067030112,tract,36,2000,1280,305800,245.8023822
13067030113,tract,70,1999,1360,350000,249.7240618
13067030220,tract,28,1984.5,1646,376000,227.9723694
13067030233,tract,73,1991,2428,490000,199.6424315
13067030235,tract,84,1997,2741,510500,208.6452397
13067030236,tract,77,1996,3347,600000,203.3560865
13067030240,tract,100,1989,1521.5,349450,229.7798927
13067030241,tract,40,1994,2600,497500,199.8060611
13067030242,tract,60,1994,2353,433500,203.1355932
13067030243,tract,87,1981,1306,325000,212.7127127
13067030244,tract,57,1999,2795,486000,202.5862069
13067030245,tract,32,1997,2556,453250,190.2620135
13067030246,tract,51,1970,1304,275000,227.6632302
13067030247,tract,18,1992.5,1743,384250,229.9755372
13067030248,tract,42,2003,1718,426500,219.6457347
13067030249,tract,55,2004,1986,359900,196.827262
13067030250,tract,68,1992.5,3027.5,614300,225.92705
13067030251,tract,70,1994,2350.5,469250,219.1570539
13067030252,tract,53,1993,2797,495900,206.4542822
13067030253,tract,43,1999,3266,590000,214.8215504
13067030254,tract,38,1999.5,1435.5,313500,211.7345986
13067030255,tract,65,1999,1524,345000,199.9036609
13067030256,tract,61,2003,3318,680000,216.7664671
13067030257,tract,68,2004,1688,350000,206.4102564
13067030258,tract,35,1988,1396,335000,221.6666667
13067030259,tract,58,1988,1485,370000,239.8630277
13067030260,tract,57,2001,1662,364000,228.4900285
13067030261,tract,66,1999,2326,417500,193.5857982
13067030262,tract,75,1990,2052,429900,219.2982456
13067030263,tract,44,1981,1889,405500,206.9812867
13067030264,tract,32,1996.5,3110,607250,198.9850427
13067030265,tract,38,1997,2913.5,557500,211.7330334
13067030266,tract,51,1994,3134,580000,202.4238454
13067030267,tract,38,2001,2924,513450,181.4620139
13067030268,tract,59,1999,2747,520000,207.3863636
13067030269,tract,57,2000,2026,419900,196.1297071
13067030270,tract,58,1989,2354.5,428100,189.1125879
13067030271,tract,26,1995,2185,435000,193.9122771
13067030272,tract,32,1985,1593,387500,240.3789224
13067030273,tract,47,1989,2549,445000,202.5366279
13067030274,tract,59,1989,1730,360000,207.223209
13067030275,tract,20,1994,1633,355200,205.949397
13067030276,tract,59,1995,2733,550000,203.0735456
13067030277,tract,54,1997,2591,482000,195.4423447
13067030278,tract,44,1984.5,1549,267500,191.5049492
13067030319,tract,97,1981,1800,405000,240.1129944
13067030322,tract,49,1982,1953,455000,252.6132404
13067030324,tract,54,1985,1771,400000,221.4386596
13067030326,tract,53,1987,2885,680000,243.7417655
13067030327,tract,93,1978,1792,485000,247.8314746
13067030329,tract,60,1982,2089.5,449500,234.950991
13067030331,tract,73,1981,2394,615000,280.0766284
13067030332,tract,35,1979,2482,599000,256.9750367
13067030334,tract,48,1984,2532,660000,274.6391445
13067030335,tract,66,1980.5,2563,659500,274.6113061
13067030337,tract,57,1980,2384,670000,288.4615385
13067030340,tract,64,1986,2938.5,629000,237.0370244
13067030341,tract,69,1985,1808,450000,248.9177489
13067030342,tract,74,1985,2544.5,600000,248.5083922
13067030343,tract,62,1986,2679,672000,250.3227561
13067030344,tract,22,1979,1475,270000,189.1209996
13067030345,tract,34,1995,1381,299250,255.9327545
13067030346,tract,47,1980,1430,345000,244.5339471
13067030347,tract,56,1987,1907,348500,213.9851443
13067030348,tract,82,1984,1812,426250,211.4887828
13067030349,tract,62,1971.5,1645.5,407500,233.6335013
13067030350,tract,38,1976,1640,415750,242.2365626
13067030351,tract,50,1977,2657,677000,263.2385441
13067030352,tract,81,1985,3396,980000,306.3869903
13067030353,tract,65,2006,1818,511732,263.9109698
13067030354,tract,79,1986,1668,320000,238.6910491
13067030356,tract,20,2003,1556.5,442000,254.4423306
13067030357,tract,35,1977,2214,510000,267.3969072
13067030358,tract,48,1983,2384.5,621000,275.314087
13067030359,tract,80,1985,2264.5,610000,269.1798942
13067030360,tract,37,1982,2634,650000,246.8850946
13067030361,tract,66,1975.5,1661,368750,238.6264675
13067030362,tract,54,1981,2057.5,465000,229.972166
13067030363,tract,64,1984,1666,400000,239.1811955
13067030364,tract,45,1987,2232,470000,220.1112141
13067030365,tract,54,1974,2580,729500,289.1357079
13067030366,tract,37,1980,2564,625000,256.2225476
13067030367,tract,38,1976.5,1912,482500,268.2166395
13067030368,tract,41,1986,1996,502000,239.4155844
13067030369,tract,41,1995,3046,850000,285.7829011
13067030370,tract,35,1985,2814,799000,290.6330989
13067030405,tract,127,1973,1426,262500,204.2553191
13067030407,tract,91,1961,1527,395000,246.5625
13067030408,tract,47,1972,1784,455000,247.8448276
13067030409,tract,59,1977,2223,515000,238.0952381
13067030410,tract,40,1972.5,2164,450000,235.131397
13067030411,tract,6,1967.5,1206,227000,197.6521091
13067030412,tract,31,1973,1297,207500,164.8671096
13067030413,tract,40,1981,1264,243750,194.0250885
13067030505,tract,29,1962,1202,315000,235.9022556
13067030506,tract,70,1964,1507,306000,227.0594388
13067030507,tract,104,1983.5,1670,403250,229.868509
13067030508,tract,46,1984,1588.5,423000,251.4005602
13067030509,tract,75,1995,2339,490000,215.8273381
13067030510,tract,31,1986,1492,330000,207.7747989
13067030511,tract,94,1984.5,1416,317500,237.0536954
13067030602,tract,116,1985.5,1830,506500,267.3680241
13067030603,tract,46,2003.5,2103,430250,206.0439143
13067030604,tract,49,2004,1595,320000,206.6115702
13067030700,tract,86,1962,1620,439000,267.7643303
13067030800,tract,69,2006,1532,410000,277.3667988
13067030906,tract,40,1984.5,2362.5,477500,198.5894498
13067030907,tract,87,1983,1803,395000,208.750835
13067030908,tract,34,1989.5,1675,339000,191.9535867
13067030909,tract,27,1968,1428,325000,200.845666
13067030910,tract,57,1985,1264,235000,178.7271142
13067030911,tract,35,1978,1440,195000,187.0748299
13067030912,tract,85,1974,1775,439000,232.9113924
13067031001,tract,90,1950,1246,252250,196.0608039
13067031004,tract,61,1961,1266,282500,200.6392045
13067031005,tract,96,1968,1426.5,297500,210.6467245
13067031006,tract,26,1956.5,1119.5,288500,241.0200846
13067031007,tract,51,2012,1922,385000,189.234651
13067031101,tract,94,1957.5,1484.5,455000,284.2588446
13067031110,tract,80,1953,1302.5,346180,285.2329675
13067031111,tract,104,1987,1382,330000,234.0942314
13067031112,tract,97,1986,1866,535000,271.4285714
13067031113,tract,12,2010.5,1993,425000,206.1272402
13067031114,tract,42,1981.5,1278,320000,235.6734155
13067031115,tract,83,1967,1350,375000,250.410509
13067031116,tract,89,1984,1376,345000,229.2328643
13067031117,tract,73,1977,2012,510000,248.191569
13067031118,tract,106,1982,1706,459000,248.8020084
13067031119,tract,67,1973,1517,325000,209.3023256
13067031120,tract,82,1992,1693,355000,214.420395
13067031121,tract,43,1983,1404,284000,221.9188768
13067031122,tract,73,1985,1417,372000,230.0347222
13067031207,tract,66,1975,1452,340000,248.764864
13067031209,tract,105,1998,3016,688940,247.3326867
13067031212,tract,42,1982.5,2615,766750,257.28604
13067031213,tract,44,2002,1827,386250,229.8475107
13067031214,tract,69,2003,1920,429900,224.6376812
13067031215,tract,76,2011,2244,532450,226.8785429
13067031216,tract,23,2015,2660,711000,273.7262507
13067031217,tract,46,1981,1527,335000,224.6847121
13067031218,tract,34,2008,2006,678163.5,331.2512076
13067031219,tract,32,2019,1540,466250,287.9637941
13067031220,tract,50,1985,1656,398625,240.2587586
13067031221,tract,62,2003,2419,480500,218.6851093
13067031306,tract,100,1965.5,1433.5,257400,193.7210951
13067031308,tract,69,1963,1394,260000,200.8569898
13067031314,tract,119,2004,2230,425000,194.6721311
13067031315,tract,68,2001,3056,597000,220.1271203
13067031316,tract,73,2006,2306,450000,201.6478751
13067031317,tract,81,1963,1416,260000,196.2209302
13067031318,tract,39,2000,1570,200000,168.3579336
13067031319,tract,62,2000,1437.5,246800,173.6802121
13067031320,tract,21,1987,1580,247000,157.4025974
13067031321,tract,1,1960,1374,312500,227.4381368
13067031322,tract,56,1990,1494,253950,177.934163
13067031323,tract,61,1964,1181,230000,166.5454545
13067031324,tract,96,1969.5,1418,294828,209.9260207
13067031325,tract,43,1981,1960,408500,210.5978261
13067031409,tract,108,1989.5,1504,271750,174.6527733
13067031410,tract,71,1988,1972,327500,185.5813953
13067031411,tract,64,1984,1486,278600,210.8607037
13067031412,tract,65,1973,1233,255000,198.4797297
13067031413,tract,31,1999,1508,309200,190.1669759
13067031414,tract,72,1972,1917,341500,178.7184686
13067031415,tract,42,1970.5,1456,287500,194.8400067
13067031416,tract,63,1999,1420,270000,171.6054843
13067031417,tract,39,1970,1308,261000,189.0519187
13067031506,tract,111,1985,1600,299000,194.6107784
13067031507,tract,63,1993,1382,237000,193.3566434
13067031510,tract,47,1987,1296,320000,221.72949
13067031511,tract,84,1999,2217,372000,174.9399541
13067031512,tract,95,1998,1747,311125,185.1851852
13067031513,tract,87,1995,1556,325000,198.8155668
13067031514,tract,54,1991,1654,313750,191.4307308
13067031515,tract,81,1993,1861,337000,189.1821946
13067031516,tract,34,1993,1593,348000,195.7402561
13067031517,tract,40,1986,1596,372450,203.3225421
13067031518,tract,33,1991,1534,340000,191.4182939
13089020100,tract,14,1946,1951,904450,475.629827
13089020200,tract,50,1972,2098.5,759750,362.1279472
13089020300,tract,48,1953.5,1934.5,769000,385.4407579
13089020400,tract,33,1961,1124,530000,380.3641092
13089020500,tract,83,1950,1496,560000,345.5882353
13089020600,tract,62,2003,1354,441500,359.5051265
13089020700,tract,48,1990,1694,525061,356.1809516
13089020801,tract,58,1950,1835,639500,368.2210786
13089020802,tract,70,1947,1732.5,632500,323.3446881
13089020901,tract,66,1941,1407,455000,323.3029121
13089020902,tract,44,1953,1397.5,420900,310.4506802
13089021101,tract,49,1977,3156,1017000,363.372093
13089021103,tract,47,1988,2299,730000,346.2566845
13089021104,tract,31,1995,1160,327680,282.4827586
13089021204,tract,1,1950,1231,495000,402.112104
13089021208,tract,70,1966,1348,439500,320.1319191
13089021210,tract,66,1971,2615,697500,273.8963648
13089021211,tract,69,1972,2332,602985,259.8425197
13089021213,tract,36,1978,3172.5,849500,298.8461264
13089021217,tract,16,1967,2453.5,640000,267.3775885
13089021219,tract,79,1982,2079,615000,293.4652278
13089021220,tract,45,1978,2279,606000,272.4879333
13089021221,tract,54,1984,1916,592500,319.2308845
13089021222,tract,28,1959,2135,663412,345.2740274
13089021223,tract,13,2000,2295,675000,293.9443535
13089021224,tract,36,1982,1355,312000,238.1389549
13089021225,tract,29,2004,1168,305000,255.6818182
13089021226,tract,19,2006,2253,675000,304.039059
13089021227,tract,43,1967,2332,657000,289.8338221
13089021228,tract,31,1977,2617,719000,267.2587808
13089021229,tract,27,1975.5,2687,710000,284.0909091
13089021230,tract,31,2006,1383,452500,343.4562545
13089021301,tract,31,1985,1807,467500,272.7856226
13089021305,tract,31,1987,2020,477000,241.3015464
13089021306,tract,36,1961.5,1310,383250,249.552296
13089021307,tract,32,1956,1262,393750,276.5357074
13089021308,tract,33,1963.5,1574,407000,273.7254902
13089021309,tract,6,1988.5,1298,256950,189.7468702
13089021310,tract,30,1962.5,1501,395000,263.28125
13089021405,tract,100,2000,2250,763000,361.6367071
13089021409,tract,7,1961,1806,540000,279.7758057
13089021410,tract,46,1960,1440,455000,259.3584656
13089021411,tract,41,2000,2100,850000,424.8484848
13089021412,tract,88,1983,1988,654500,365.0074798
13089021415,tract,53,1996,2500,787500,316
13089021416,tract,44,2006,1743,551000,343.1905487
13089021417,tract,22,1979,1440,385000,249.7838596
13089021418,tract,1,1956,1866,775000,415.3269025
13089021419,tract,11,1990.5,1900,420000,234.5261122
13089021420,tract,3,2003,1456,515000,402.0700637
13089021421,tract,23,1955,1456,560000,391.4790997
13089021502,tract,62,1953,1685,568702.5,320.3820074
13089021503,tract,34,1984,1604,510000,252.2884948
13089021505,tract,22,1962.5,2121.5,665000,322.3501411
13089021506,tract,40,1989,1485.5,493500,325.9493671
13089021602,tract,68,1986,1886.5,592500,279.3764988
13089021604,tract,32,1962.5,2183,719750,309.5193324
13089021606,tract,44,1955,1764,598900,324.1231014
13089021607,tract,28,1974,1426,325000,245.6896552
13089021608,tract,36,1968,1631.5,285000,213.8959368
13089021609,tract,24,1959.5,2186.5,642500,346.2572477
13089021703,tract,52,1965,2328,644500,302.4087177
13089021707,tract,26,1988,2310.5,638500,306.3090768
13089021708,tract,48,1970,1535,401000,240.3703704
13089021709,tract,48,1958,1362,258750,218.75
13089021710,tract,28,1969,2676,694850,254.3289666
13089021711,tract,36,1966,1770,299000,185.9504132
13089021712,tract,8,1968,1253,219725,179.5643154
13089021808,tract,55,1969,2016,475000,227.3545291
13089021812,tract,25,1966,1994,440000,215.5172414
13089021815,tract,5,1986,1470,245000,187.0748299
13089021816,tract,47,1985,1182,226000,191.2013536
13089021817,tract,19,1968,1664,382000,215.4471545
13089021818,tract,78,1970,1687,363500,223.4950834
13089021819,tract,56,1968,2289.5,482000,218.2959877
13089021820,tract,17,1973,1728,359900,201.6806723
13089021821,tract,44,1972,2382.5,492250,221.279825
13089021822,tract,72,1966,1797,437250,226.7644222
13089021823,tract,40,1972,2379.5,477500,193.7036031
13089021824,tract,27,1964,1429,265000,203.7292818
13089021906,tract,101,1976,1472,239900,156.8532819
13089021908,tract,52,1978,1600,214500,133.75
13089021910,tract,81,1985,1515,260000,162.3376623
13089021911,tract,1,2002,1560,239900,153.7820513
13089021912,tract,58,1979,3500,627500,183.401461
13089021913,tract,26,1977,1360,232500,163.9975603
13089021914,tract,58,1971,1452,241750,155.8739322
13089021915,tract,59,1989.5,2367,335000,139.5758303
13089021916,tract,36,1986,1010,153375,151.8337033
13089021917,tract,33,1977,1680,225500,148.8095238
13089022001,tract,73,1963,1541,397000,253.6255411
13089022005,tract,14,1962.5,1624,269000,165.7884548
13089022007,tract,15,1967,1229,265000,194.0850277
13089022010,tract,22,1968,1610,332500,200.9933121
13089022011,tract,30,1970,1529,290000,156.9423929
13089022012,tract,10,1981,1376,215000,164.3795717
13089022013,tract,5,1983,1584,190000,141.3237925
13089022014,tract,5,1983,1236,175000,176.6692852
13089022015,tract,25,1970.5,2088,300000,155.0290939
13089022016,tract,35,1970,1827,295000,170.1631702
13089022100,tract,91,1988,1482,285690,198.7179487
13089022203,tract,24,1999.5,1323,477500,303.7513341
13089022205,tract,65,1958,1150,325000,241.9181034
13089022206,tract,22,1956,1200,367000,291.1573778
13089022302,tract,53,1960,1371,465000,319.4993412
13089022303,tract,57,1952,1224,435000,325.1091703
13089022304,tract,53,1960,1387,395000,265.1515152
13089022401,tract,42,1947,1884,797950,383.2447346
13089022403,tract,46,1949.5,2260.5,826902.5,365.6066452
13089022404,tract,2,2001,2320,567500,244.612069
13089022405,tract,9,1965,1401,360000,284.8101266
13089022501,tract,33,1987,1320,495000,412.2340426
13089022502,tract,35,1963,1770,699900,313.4962806
13089022601,tract,65,1973,1620,499000,324.0529439
13089022602,tract,41,1973,1743,647500,390.060241
13089022700,tract,64,1949.5,1900,781000,411.0526316
13089022800,tract,67,1948.5,2700,514990,343.0706522
13089022900,tract,69,1951.5,1568,427000,295.9413754
13089023000,tract,23,1951,1605,590000,299.2631579
13089023101,tract,88,1954,1317.5,292500,209.9580084
13089023102,tract,34,1959,1750,430000,253.0433502
13089023107,tract,98,1954,1175.5,275000,230.6135408
13089023108,tract,87,1961.5,1311,222900,162.0626151
13089023111,tract,24,1962,1686,217500,117.2115978
13089023112,tract,17,1982.5,1240,262000,211.97411
13089023113,tract,27,2000,1832,510000,228.026534
13089023114,tract,29,1982,1492,260000,170.8278581
13089023209,tract,88,1982,1710.5,238950,149.171482
13089023211,tract,32,1988.5,2092,297500,143.8591788
13089023212,tract,60,1984,1957,251500,138.7813771
13089023213,tract,55,1983,1906,231829,135.2739726
13089023214,tract,63,1999,1733,265000,148.1481481
13089023215,tract,59,1972,1703,245000,152.1164021
13089023216,tract,77,1978,1600,243500,151.2345679
13089023217,tract,84,1980,1838,250000,149.2
13089023218,tract,6,1986,1726.5,263500,156.8658169
13089023219,tract,36,1972,1898,290000,149.6296081
13089023220,tract,63,1982,1436,203500,144.9275362
13089023221,tract,53,1977,1561,220000,137.6262626
13089023222,tract,46,1983,1533.5,225000,141.5202887
13089023311,tract,53,1986,2151,245000,145.0443191
13089023313,tract,90,1987,1547.5,241150,156.2833909
13089023315,tract,95,2001,2095,290000,143.7384045
13089023317,tract,57,1964,1524,204800,132.960112
13089023318,tract,55,2006,2511,345000,134.8039216
13089023319,tract,31,2006,1960,285000,154.5918367
13089023320,tract,49,1992,1024,465000,454.1015625
13089023321,tract,20,1973,1467,78500,63.67203676
13089023322,tract,30,1985,1751,259000,148.5448133
13089023323,tract,35,1988,2214,299000,143.5406699
13089023324,tract,38,2000.5,1968.5,296750,147.6037549
13089023325,tract,66,1993.5,2528,320000,147.9250234
13089023326,tract,42,1994,1949,272500,145.9105751
13089023327,tract,80,1990.5,1500,215000,157.3321135
13089023328,tract,98,1988.5,1460,228800,157.0679178
13089023329,tract,47,1994,2486,303000,136.8515206
13089023330,tract,23,2000,2144,257936,120.8333333
13089023331,tract,64,1983,1629.5,229000,149.0024771
13089023332,tract,43,1984.5,1638,241300,147.0588235
13089023410,tract,39,1987,1424,217000,154.109589
13089023411,tract,61,1965,1724,265000,155.8524173
13089023413,tract,52,1972,1967.5,256120,138.8536962
13089023422,tract,86,1994,1685,266500,155.8720409
13089023424,tract,81,1982,1780,255000,135.7945777
13089023425,tract,70,1986,1773,261500,148.306071
13089023426,tract,45,1988,2032,300000,128.030303
13089023427,tract,31,1982,1588,245000,140.9666283
13089023429,tract,49,1999,1250,174000,108.7275693
13089023430,tract,80,2004,1376,136000,104.4891641
13089023431,tract,22,1985,1709,252200,162.5730994
13089023432,tract,49,1999.5,2296,300000,141.0463862
13089023433,tract,58,2000,1527,247600,149.516345
13089023434,tract,48,2000,1663,260950,152.4280104
13089023435,tract,14,2020,1568,288950,169.2046336
13089023436,tract,36,1990,1595,240000,154.2857143
13089023437,tract,73,1999,2494,315000,140.8625107
13089023438,tract,85,2000,1412,179900,115.6217883
13089023439,tract,20,1973,1440,129000,92.42788462
13089023440,tract,60,2006,1908,289500,150.0194336
13089023441,tract,44,1990,2064,280456.5,124.1912843
13089023442,tract,37,1976,2259,279531,134.5728198
13089023443,tract,72,1994,1940.5,311000,145.8738239
13089023444,tract,26,1996,1606,233500,114.4704086
13089023445,tract,57,1969,1958,268000,148.7553127
13089023446,tract,26,1969,1470,237000,145.5501859
13089023447,tract,38,1973,1932,241828,134.5947961
13089023448,tract,21,1968,1720,277300,169.628433
13089023501,tract,53,1953,1287,236000,183.3046472
13089023504,tract,42,1955.5,1371,245500,185.1405224
13089023505,tract,66,1960,1692.5,246078,151.0022165
13089023506,tract,96,1965,1650,239950,146.2599469
13089023507,tract,57,1967,1393,197518,156.0173776
13089023601,tract,65,1950,1429,400000,247.49499
13089023602,tract,44,1956,1317,345000,231.6423081
13089023603,tract,42,1955,1300,249950,179.7393689
13089023701,tract,45,1950,1406,370000,254.1899441
13089023702,tract,58,1954.5,1458,335750,229.6156133
13089023801,tract,94,1962,1430,331000,234.2209073
13089023802,tract,55,1967,1414,220000,182.7386692
13089023803,tract,136,1958,1324.5,271000,194.7986577
13097080104,tract,25,1969,1798,309000,183.0663616
13097080105,tract,20,2006.5,2837.5,383300,139.2055882
13097080106,tract,41,1976,1520,257000,157.9283887
13097080201,tract,78,1971,1502,258200,192.3739009
13097080203,tract,67,1984,1452,275000,188.3116883
13097080204,tract,69,1970,1510,240000,157.4599897
13097080303,tract,49,1964,1367,249000,164.7331787
13097080304,tract,55,1982,1919,251000,142.2238641
13097080305,tract,100,1994.5,1550,251000,157.0388258
13097080306,tract,62,1997,1470,258875,170.0680272
13097080307,tract,68,2002,1465,252500,181.0305943
13097080403,tract,62,1994.5,1437,289400,184.9698703
13097080405,tract,79,1994,2108,362000,186.5671642
13097080406,tract,73,2002,2044,385000,191.6131007
13097080407,tract,95,2004,2373,334900,155.9356137
13097080408,tract,38,1991.5,1414,202500,125.0281658
13097080505,tract,68,1976,1444,260000,173.3851806
13097080506,tract,102,1973,1537,263000,166.4193867
13097080507,tract,65,1988,1931,339900,173.4390486
13097080508,tract,95,1977,1610,279900,163.9131552
13097080509,tract,104,1992,2361.5,340950,167.0196898
13097080512,tract,70,1982.5,1759,285000,163.7473879
13097080513,tract,41,1990,1754,280500,166.858458
13097080514,tract,71,1990,1880,399000,188.8087882
13097080515,tract,67,2001,1716,325000,176.7614339
13097080602,tract,91,1999,1980,345000,168.9189189
13097080605,tract,69,1985,1438,260900,188.0877743
13097080606,tract,71,2004,2076,315000,159.3521421
13097080607,tract,85,1998,2162,355000,165.4064272
13097080608,tract,55,1993,1540,262949,175.8087201
13113140102,tract,80,1980,1977.5,348500,176.149822
13113140103,tract,25,1984.5,2427,385000,176.2496388
13113140104,tract,53,1980,2192,360000,165.4064272
13113140203,tract,54,1998,2437.5,535000,202.4069623
13113140204,tract,72,2004,2246,699450,240.4421822
13113140206,tract,49,1999,2919,649900,257.1785268
13113140207,tract,72,1992,2412,594000,259.989136
13113140209,tract,28,1986,2116,449750,234.2621605
13113140210,tract,125,2017,2352,605000,246.4065708
13113140303,tract,62,1981.5,2062.5,467000,253.4514394
13113140304,tract,68,1984,1722,410000,237.5678919
13113140305,tract,47,1999,2303,455000,207.5729927
13113140307,tract,38,1998.5,2856.5,757450,263.6471515
13113140308,tract,35,1989,2459,522263,233.8348922
13113140309,tract,43,1990,1859,445000,246.4430894
13113140403,tract,68,1984,2338.5,382500,167.5381999
13113140404,tract,78,1992.5,1880,350000,190.2629682
13113140405,tract,51,1998,2716,480000,185.806612
13113140406,tract,41,1985,1793,325000,175.8682102
13113140408,tract,32,1985,2141,365000,175.7196832
13113140409,tract,35,1989,2175,375000,191.7723477
13113140410,tract,39,1998,1561,304500,190.5080214
13113140501,tract,67,1993,2727,645000,231.9039914
13113140502,tract,45,1989.5,2451,590000,229.964469
13117130101,tract,58,2000.5,2592.5,574500,221.4608169
13117130102,tract,42,2000.5,2157.5,512500,229.4515734
13117130103,tract,94,1999.5,1327.5,324000,253.91245
13117130104,tract,68,1997.5,1872,430500,261.5168223
13117130105,tract,37,1995,1734,370000,256.6964286
13117130201,tract,83,2006,2696,530000,212.1051234
13117130202,tract,75,2004,2786,575000,219.7802198
13117130203,tract,101,1999,1889,525000,238.5470425
13117130204,tract,108,2008.5,2915,527450,204.0495511
13117130205,tract,87,2014,2430,489000,201.7045455
13117130301,tract,87,2014,2595,617000,227.6011561
13117130302,tract,151,2006,2760,705000,256.9258266
13117130303,tract,71,1999,1980,479900,231.441048
13117130304,tract,163,1998,2308,810000,286.5486726
13117130305,tract,103,2005,2392,605000,247.6689977
13117130306,tract,49,2002,2834,700000,246.655753
13117130307,tract,114,2010.5,2917,665500,233.3935121
13117130406,tract,65,2006,1914,475000,243.7731849
13117130409,tract,45,1998,1683,400000,235.6557377
13117130410,tract,87,2002,1974,438000,228.8072018
13117130411,tract,39,1999,2078,458000,233.5164835
13117130412,tract,41,1993,2542,580000,234.3566909
13117130413,tract,40,1998,1515,402500,255.725547
13117130414,tract,72,2004,2644,574500,223.6031073
13117130415,tract,51,2004,2486,548000,241.8232429
13117130503,tract,51,2001,2116,570000,234.4622255
13117130504,tract,62,1994.5,1335,326000,266.9630887
13117130505,tract,44,1992,1918.5,469000,255.4822602
13117130506,tract,47,2001,1905,485000,244.0944882
13117130507,tract,70,1995.5,1828,455000,257.989657
13117130508,tract,94,2000,2740.5,633000,238.7536304
13117130509,tract,63,1988,1852,479000,243.3862434
13117130511,tract,41,2002,3536,870000,269.6629213
13117130512,tract,49,2007,2596,570560,223.5179786
13117130601,tract,73,2006,2080,478000,246.939637
13117130602,tract,76,2003,2233.5,564950,254.0723777
13117130603,tract,87,2011,2437,710000,271.5205149
13117130604,tract,37,1999,2671,678000,252.2257916
13117130605,tract,54,2002,2592.5,678000,271.0934843
13117130606,tract,63,1997,2768,775000,279.5854423
13117130607,tract,68,2005,2986,725000,253.8077216
13117130608,tract,76,2004,3379,892500,275.077853
13117130609,tract,62,2005,2932.5,677500,251.1587585
13117130610,tract,67,1996,2724,750000,272.8764875
13117130611,tract,60,1999,2910.5,767500,255.8312684
13117130613,tract,63,2008,2812,660455,256.4809708
13117130614,tract,33,2007,3129,760000,256.232687
13117130615,tract,52,1999,3693,1170000,310.8005865
13121000100,tract,60,1945,2276,1177500,505.3191489
13121000201,tract,54,1955,1716,684500,432.9113924
13121000202,tract,42,1933.5,2239.5,1101250,520.5206265
13121000400,tract,56,1963,1216,507500,378.3031057
13121000501,tract,108,2005,1036.5,362500,335.2436792
13121000502,tract,31,1951,3062,1250000,501.8939394
13121000601,tract,19,2009,1223,560000,380.212592
13121000602,tract,45,2006,1166,304000,265.2414885
13121000700,tract,27,1945,1500,430000,301.4941302
13121001001,tract,44,2006,1075.5,369000,398.7630208
13121001101,tract,107,1999,1103,406000,399.2146597
13121001102,tract,62,2002,872,397000,450.7540418
13121001203,tract,27,2019,1282,565000,455.4309741
13121001204,tract,44,1996,1134,415000,399.5958102
13121001205,tract,64,1965,913,266500,294.7673233
13121001206,tract,98,2003,856,352500,420.7473217
13121001301,tract,31,1961,1152,430000,375
13121001302,tract,45,1984,1047,415000,404.432133
13121001400,tract,38,1961.5,1350,655097.5,462.8571429
13121001501,tract,32,1929,775,297000,379.5117698
13121001502,tract,31,1930,1376,799000,452.3809524
13121001600,tract,36,2001,1428,530000,381.8925374
13121001701,tract,27,2000,1681,782250,407.9147641
13121001702,tract,19,2005,1504,780000,416.3298302
13121001801,tract,16,1990,1124.5,309000,288.7561275
13121001802,tract,48,1987,921,245000,282.7444742
13121001902,tract,54,2007,763,278450,374.5102694
13121002100,tract,24,2002,1433,359500,293.3545734
13121002300,tract,33,1945,1176,193000,153.0612245
13121002400,tract,73,1940,1216,238250,184.9434291
13121002500,tract,24,2005.5,1156.5,170000,167.6032529
13121002600,tract,3,1920,999,450000,275.7352941
13121002801,tract,21,1963,1015,235000,252.9411765
13121002802,tract,1,1920,3347,340000,101.5835076
13121002900,tract,35,2004,1415,609900,402.5157233
13121003000,tract,60,2005.5,1349,612500,491.5279478
13121003100,tract,64,2002.5,1772,712125,406.6358025
13121003200,tract,68,2004,1128,460000,410.1681069
13121003500,tract,24,1922,1239,291250,244.090292
13121003600,tract,8,2001.5,938,257500,294.9599084
13121003800,tract,18,1920,1465,322500,195.0182797
13121003900,tract,44,1942,1463,286750,229.0147706
13121004000,tract,49,1940,1430,382700,218.5567568
13121004100,tract,46,1920,1632.5,335000,189.9297477
13121004200,tract,33,1992,1035,205000,197.3490427
13121004300,tract,19,1950,1398,340000,302.6134801
13121004400,tract,14,1920,1176,255693,209.4539542
13121004900,tract,45,1992,1802,589000,349.4318182
13121005000,tract,45,1920,1432,515000,357.8336557
13121005200,tract,95,1948,1469,560000,382.8929691
13121005300,tract,94,1983,1570.5,545000,343.6068913
13121005501,tract,59,2001,1450,433000,317.2413793
13121005504,tract,38,2001,1080,250000,250.5534464
13121005700,tract,48,1935,1261,297000,208.1911263
13121005800,tract,37,1920,1592,385000,239.4988946
13121006000,tract,76,1935,1492.5,331071.5,234.2439091
13121006100,tract,123,1947,1396,225000,173.3576642
13121006200,tract,62,1940,1275,222500,171.9798658
13121006300,tract,69,1935,1190,250000,192.3140496
13121006400,tract,15,1938,1284,375000,257.5549451
13121006500,tract,74,1940,1287.5,302500,210.8103041
13121006601,tract,52,1935,1202,260000,209.6603476
13121006602,tract,27,1940,1120,226536,179.8561151
13121006701,tract,18,1958,930.5,193450,202.1621622
13121006702,tract,74,1945,1213,250000,197.9847999
13121006802,tract,7,1968,984,155000,172.2222222
13121006900,tract,88,1960,1273,413750,302.4125639
13121007001,tract,105,1958,1145,187000,164.021164
13121007002,tract,96,1950,1120,192614.5,177.3299675
13121007100,tract,58,1959,1026.5,155000,154.5530493
13121007200,tract,36,1963.5,1206.5,177500,152.9802975
13121007301,tract,42,1960,1217,225000,167.4799434
13121007302,tract,54,1960,1295,212941.5,165.5976676
13121007400,tract,38,1954,1010.5,145041.5,151.5733011
13121007500,tract,48,1953,1308,190000,152.8025553
13121007602,tract,35,1952,1496,240000,139.9603699
13121007603,tract,23,1957,1379,178500,135.9126984
13121007604,tract,13,1955,1305,172000,135.485
13121007703,tract,63,1963,1406,200000,149.8127341
13121007705,tract,16,1964.5,1540,220000,160.4146194
13121007707,tract,31,2005,1960,260000,136.4764268
13121007708,tract,19,1970,1351,190000,144.8884758
13121007709,tract,38,2006,1742,302000,167.3782373
13121007710,tract,21,1965,1430,175000,116.9064748
13121007711,tract,43,1968,1320,230000,193.1818182
13121007805,tract,39,1964,1073,260000,190
13121007806,tract,63,1966,1197,194770,171.0781149
13121007807,tract,63,1960,1126,185000,165.6
13121007808,tract,25,1960,1068,158000,141.7337235
13121007809,tract,54,1974,1588,269625,175.1865046
13121007810,tract,32,1997.5,1469,220750,148.0994152
13121007900,tract,96,1988.5,1595,285000,182.618321
13121008000,tract,138,1950,1229.5,205000,158.7301587
13121008103,tract,30,1976,1257,142500,122.9883157
13121008104,tract,56,1956,1297.5,261325,185.4443703
13121008202,tract,50,1960,1025,180750,178.5675241
13121008203,tract,43,1962,1490,230000,155.2655266
13121008204,tract,96,1960,1188,185212.5,152.916074
13121008301,tract,88,1960,1136.5,185150,155.4635518
13121008302,tract,53,1950,1042,170000,178.5714286
13121008400,tract,62,1953,1262,247500,186.9246609
13121008500,tract,101,1948,1204,230000,197.8891821
13121008601,tract,123,1950,1154,215000,160.4166667
13121008602,tract,23,1955,1108,200000,161.1374408
13121008701,tract,48,1960,942,176800,189.9420024
13121008702,tract,56,2016,1994,539500,258.3243243
13121008801,tract,53,2007,1816,452500,251.396648
13121008802,tract,102,2004,1945,551421.5,294.8684391
13121008903,tract,46,2009.5,1337,391500,275.2639517
13121008905,tract,48,2005,1711.5,617500,343.6120423
13121008906,tract,58,1979,1604,461000,293.7601523
13121008907,tract,62,1970,1200,277500,239.749427
13121008908,tract,39,1950,2000,718385,369.288
13121008909,tract,36,1971,1073,294500,287.9733181
13121009001,tract,22,1950,1564,777250,504.4894195
13121009002,tract,40,1952,2264.5,1045000,441.14478
13121009103,tract,76,1969,1281,414950,354.0375562
13121009104,tract,45,1964,1252,345000,297.7198697
13121009105,tract,30,1946.5,2769,1201250,446.5964648
13121009106,tract,32,2004,1208,278500,332.7433173
13121009201,tract,24,1939,3276,517950,160.2564103
13121009202,tract,17,1950,1750,697000,396.2502876
13121009203,tract,30,1952.5,1600,610250,362.2076837
13121009301,tract,86,1967,1771.5,831277.5,405.8129185
13121009302,tract,71,1960,1908,975000,447.0938897
13121009405,tract,3,2011,2058,574900,271.3769585
13121009406,tract,32,2009,1239,375000,295.8334981
13121009407,tract,12,1988,1002.5,242500,260.1190476
13121009408,tract,19,1982,998,235000,235.4709419
13121009409,tract,33,1986,1566,360000,258.7244284
13121009410,tract,17,1985,1910,645000,292.1348315
13121009411,tract,84,1987,1533,342500,232.5581395
13121009501,tract,101,1987,2904,1250000,456.7203132
13121009503,tract,28,1988,1094,241500,254.1801128
13121009504,tract,55,2004,1233,405000,385.4825629
13121009601,tract,32,1999,1483.5,472500,349.2101449
13121009604,tract,75,1960,1939,719000,380.1076972
13121009605,tract,31,2004,1003,330000,375.4693367
13121009606,tract,36,1944,2565.5,1085250,415.7532284
13121009607,tract,72,1991.5,1230,351750,299.4187965
13121009700,tract,79,1983,3232,1150000,379.7886394
13121009802,tract,52,1981,4665,2175000,457.8063987
13121009803,tract,54,1975,2797.5,889750,369.506225
13121009804,tract,44,1981.5,3837.5,1542500,400.6356459
13121009900,tract,130,1979,2174,976750,429.6960881
13121010003,tract,125,1997,1488,451000,344.1011236
13121010004,tract,47,1972,2374,1050000,341.7582418
13121010005,tract,61,1966,3142,1254000,412.2938531
13121010006,tract,38,2001,1680,570000,324.8374493
13121010007,tract,40,2000,2571.5,1047500,377.9564761
13121010106,tract,59,1982,3114,790000,265.8998647
13121010107,tract,30,1982.5,4144,1016250,282.3040675
13121010108,tract,40,1985.5,3587,888750,248.7038186
13121010115,tract,22,1992.5,3442.5,912500,334.7315292
13121010117,tract,19,1984,1526,294175,224.2424242
13121010120,tract,27,1984,1776,315000,215.4696133
13121010121,tract,70,1987.5,1070,322000,263.1382746
13121010124,tract,7,2001,1400,342500,236.25
13121010125,tract,27,1970,1408,255000,184.7662142
13121010126,tract,40,1964,1469,247450,183.3105545
13121010127,tract,81,2012,2140,590000,290.0593472
13121010128,tract,1,2002,883,210000,237.8255946
13121010129,tract,21,2000,1741,590000,270.3030303
13121010130,tract,23,1984,1750,400000,245.2830189
13121010131,tract,20,1977.5,2993,765000,230.0811398
13121010132,tract,67,1990,1540,365000,271.6688228
13121010133,tract,61,1983,1976,459900,230.6733167
13121010134,tract,16,1985,794,169000,200.6612091
13121010135,tract,18,1984,2809.5,635000,230.4332139
13121010136,tract,46,1985.5,1869.5,777500,398.7480225
13121010137,tract,53,1973,2132,687000,289.1131939
13121010204,tract,75,1972,3044,965000,339.6226415
13121010211,tract,37,1981,3212,1475000,462.877245
13121010212,tract,48,1980,2121,590000,254.2047837
13121010213,tract,21,1991,1083,235000,203.1394275
13121010214,tract,1,1983,4131,803000,194.3839264
13121010215,tract,30,1978,3036,681161,221.2798352
13121010216,tract,48,1966.5,1825.5,462050,240.9129191
13121010217,tract,37,1978,1750,370000,218.1551977
13121010218,tract,31,1984,1131,260000,235
13121010219,tract,3,2004,1702,468000,274.9706228
13121010220,tract,63,1986,2246,715000,340.7921811
13121010221,tract,51,1968,1407,520000,263.3272059
13121010222,tract,42,1977.5,4362.5,1390000,403.7750847
13121010223,tract,70,1999,2686,760000,317.0478295
13121010305,tract,92,1976,1709,281825,153.8284785
13121010306,tract,63,2009,3238,469000,137.778931
13121010307,tract,84,2005,2244,332000,152.5115273
13121010308,tract,70,2006,3078,405000,133.6653559
13121010309,tract,57,2005,2205,364500,149.1646778
13121010310,tract,94,2015,3088.5,412490,139.1472438
13121010311,tract,64,2008,2652,346000,140.6677344
13121010312,tract,37,2001,2074,313000,155.7167235
13121010313,tract,29,2004,2486,399000,142.1319797
13121010314,tract,30,2003,2004.5,297500,129.7499917
13121010315,tract,46,2006,2512.5,328587,129.4193773
13121010401,tract,73,1990,1561,237000,160.1244615
13121010402,tract,85,1996,1672,462070,274.2248062
13121010508,tract,83,1972,1482,229720,150.3144654
13121010517,tract,116,2006,1675,232500,137.8664916
13121010518,tract,63,1990,1488,245000,161.4379085
13121010519,tract,39,2006,2782,370200,133.3279431
13121010520,tract,72,2005,2656,350000,136.3102442
13121010521,tract,32,1967,1353,206000,145.4033771
13121010522,tract,77,1999,1360,200000,146.1538462
13121010523,tract,49,1972,1300,127000,101.5384615
13121010524,tract,78,1935.5,1026,299900,231.9293704
13121010525,tract,21,2007,1784,264433,151.6129032
13121010526,tract,115,2004,1948,283000,155.3760099
13121010527,tract,114,2004,1554,250000,152.4777637
13121010528,tract,48,2003,1663,237050,141.0901674
13121010529,tract,86,2004,1738,265000,148.4450982
13121010530,tract,46,2003,1833,275350,136.8643549
13121010531,tract,70,1992,1459,245950,164.3361716
13121010532,tract,52,1974.5,1305,227500,172.1755599
13121010533,tract,22,2004,1814.5,220000,123.1917135
13121010534,tract,43,2005,1646,279000,166.0612351
13121010535,tract,43,1984,2291,250000,131.0759148
13121010536,tract,82,2014,2532.5,345000,137.2585358
13121010537,tract,59,2004,1577,272000,153.9440204
13121010538,tract,37,2008,2570,319368,128.2051282
13121010539,tract,59,2009,2656,325000,130.8862434
13121010540,tract,38,2004,1699.5,297550,166.2921496
13121010601,tract,55,1947,1556,325000,214.8275862
13121010603,tract,23,2022,2000,383654,191.3565
13121010604,tract,22,1960,1739,225000,136.5847515
13121010801,tract,70,1940,1404,459990,240.5908277
13121010802,tract,55,1950,1258,240000,175.6066411
13121011000,tract,58,1953,1198,210000,161.8446506
13121011100,tract,70,1948,1375.5,245511,191.1185718
13121011202,tract,115,1940,1350,221500,171.7433571
13121011203,tract,71,1940,1125,230000,202.2058824
13121011204,tract,28,1979,1330.5,250000,165.4040404
13121011301,tract,89,1958,1336,204000,149.1557223
13121011306,tract,19,1977,1868,315000,136.71875
13121011307,tract,36,2006,1499,200000,138.1578947
13121011308,tract,5,1960,1844,210000,128.3618582
13121011309,tract,39,1964,2171,314900,160.5005441
13121011310,tract,38,1955,1311.5,172500,134.9298524
13121011416,tract,84,1993,2265,597500,277.4566474
13121011417,tract,109,1986,2318,650000,270.9483191
13121011419,tract,105,2001,2112,550000,288.0921895
13121011421,tract,36,2000,1629,417550,258.1967213
13121011422,tract,50,1980,1810,557500,279.2997991
13121011423,tract,73,1985,2590,694000,279.5321637
13121011424,tract,84,1985,2057.5,517750,252.1212513
13121011426,tract,22,1985,1492,441460.5,297.4629537
13121011428,tract,46,1985,2849,762500,292.2769985
13121011429,tract,83,1987,1860,525000,281.1418685
13121011430,tract,17,1983,1240,255000,216.9354839
13121011431,tract,5,1979,1256,357000,239.6449704
13121011432,tract,22,1997.5,1449,430750,279.9542555
13121011433,tract,23,1990,3160,725000,248.1296758
13121011434,tract,26,1983,1888,488894,268.0066752
13121011435,tract,62,1977,2021,480000,258.343426
13121011436,tract,53,1981,2586,625000,257.9809368
13121011437,tract,37,1983,2160,570000,266.339252
13121011438,tract,52,1997.5,2040,651000,302.3846233
13121011439,tract,55,1986,2830,765000,264.9769585
13121011440,tract,52,1992,3202.5,773500,232.6000906
13121011441,tract,47,1983,2007,500000,242.2907489
13121011442,tract,23,1994,3028,825000,247.9892761
13121011443,tract,23,1997,4065,1280000,322.7348793
13121011444,tract,52,1991,4263.5,1240000,295.8359467
13121011445,tract,33,1973,2350,730000,353.713997
13121011446,tract,30,1985,2509,690000,294.526722
13121011505,tract,65,1998,2816,825000,282.5931232
13121011507,tract,61,2002,4267,1325000,319.2644483
13121011508,tract,59,1999,4253,1250000,324.5856354
13121011509,tract,47,1995,3960,1100000,294.3031322
13121011510,tract,98,2001,3121,852500,286.7880821
13121011511,tract,36,2002.5,3325.5,1100000,315.2204654
13121011512,tract,30,1989.5,2328,682500,315.2174976
13121011513,tract,45,1985,2914,815000,278.3146502
13121011514,tract,62,1999,3717,1232500,316.8025647
13121011515,tract,37,2002,3874,1500000,331.0748383
13121011612,tract,53,1992,3696,888000,256.5564424
13121011618,tract,42,1999,3445,890000,282.0242488
13121011624,tract,36,1994,3179,862500,279.688955
13121011627,tract,54,1993,3892,1143750,273.2733718
13121011628,tract,11,1988,2743,850000,273.1362468
13121011629,tract,78,1988,3636,847987.5,242.5378848
13121011630,tract,34,1991,2535,670000,251.1490092
13121011631,tract,37,1996,2258,585000,255.4945055
13121011632,tract,34,2000,2236,588500,264.2412919
13121011633,tract,52,1991,2555,598000,243.6999532
13121011634,tract,31,1988,1860,537565,270.7156309
13121011635,tract,27,2005,2783,705000,262.2767857
13121011636,tract,3,1980,938,238000,253.7313433
13121011637,tract,16,1999,3254,1070000,315.9498249
13121011638,tract,59,1990,2004,539000,286.5415335
13121011639,tract,27,2017,2142,840000,358.1610044
13121011640,tract,138,2000.5,1717,1051314,448.233935
13121011641,tract,65,1988,2535,985000,356.8357696
13121011642,tract,91,1988,1741,535000,283.8328792
13121011643,tract,3,2010,2634,489200,185.7251329
13121011644,tract,56,2000.5,1544,427500,284.7585526
13121011645,tract,57,1999,1950,460000,252.50501
13121011646,tract,58,2005,1490,582000,313.6288998
13121011647,tract,84,2005,1969.5,550000,278.3951901
13121011648,tract,26,1995.5,3133,740000,244.7625823
13121011649,tract,72,1999,3185,872500,271.1444993
13121011650,tract,39,1994,2265,604000,256.5343659
13121011651,tract,13,1996,3346,930000,276.821572
13121011652,tract,19,1999,2778,780000,302.0378457
13121011653,tract,37,1997,3965,1075000,282.4750192
13121011654,tract,39,1990,2275,745000,329.7572986
13121011655,tract,54,1993,2439,832500,378.3732492
13121011656,tract,49,1989,3170,851000,276.8065268
13121011657,tract,29,1994,2646,643500,240.2135231
13121011658,tract,39,1994,2255,553000,242.1805183
13121011659,tract,31,1992,2974,715000,259.9179207
13121011660,tract,81,2003,2048,520000,284.6534653
13121011661,tract,33,1997,3259,1020000,310.3514133
13121011801,tract,6,2020,1146.5,542000,391.0964024
13121011802,tract,23,1920,1102,260500,183.3333333
13121011901,tract,23,1920,998,205000,233.9464883
13121011902,tract,7,2001,1720,637000,376.3953488
13121012000,tract,39,2000,1560,247000,170.4545455
13121012300,tract,52,1945,1525,376500,234.2969905
13135050105,tract,49,1985,1803,384000,225.7402521
13135050110,tract,79,2002,2128,415000,210.2402746
13135050111,tract,27,1989,1988,425000,203.5152636
13135050112,tract,83,2003,1902,407303,215.4480042
13135050113,tract,67,2015,2473,460000,196.8986657
13135050114,tract,50,1988,1904.5,415000,205.0473186
13135050115,tract,39,1998,2782,573450,214.6690519
13135050116,tract,75,2000,3255,770000,222.2222222
13135050117,tract,71,1998,2413,500000,200.2609263
13135050118,tract,39,1992,1874,382200,198.8480527
13135050119,tract,60,1997,2400.5,487500,222.1033144
13135050120,tract,38,2002.5,2576,555000,196.4428983
13135050121,tract,87,2002,2209,430000,193.2114883
13135050205,tract,49,1984,1542,310000,213.6752137
13135050215,tract,19,2003,2132,500000,234.521576
13135050218,tract,64,1986.5,1953,421000,211.490358
13135050219,tract,57,1993,2081,410000,215.3677278
13135050221,tract,25,1990,1784,370000,212.7659574
13135050222,tract,56,1994.5,1975.5,401000,205.7945958
13135050223,tract,94,2008,2106,500000,237.2431952
13135050224,tract,36,2005,2337,565500,243.2924449
13135050225,tract,41,2004,2173,351500,180.9720786
13135050226,tract,41,1999,1836,393000,188.3928571
13135050227,tract,18,1991.5,4157,997500,224.4822374
13135050228,tract,20,1990,1342,265000,193.9926449
13135050230,tract,25,1995,1696,340000,196.8937876
13135050231,tract,29,2000,2998,600000,212.2241087
13135050232,tract,29,1998,2670,565000,208.1182348
13135050233,tract,55,2005,2344,491000,209.0443686
13135050234,tract,64,1994,2396,491000,212.3348429
13135050235,tract,74,1998,2408.5,519500,201.8567701
13135050236,tract,15,2006,2633,650000,238.8730094
13135050237,tract,61,1998,2445,525000,219.6319018
13135050238,tract,34,2002,6087.5,1455000,226.8610001
13135050239,tract,56,2003,3152,657500,212.5663379
13135050240,tract,37,2001,3089,625000,194.2376174
13135050241,tract,60,1996,2390.5,549850,224.7941452
13135050242,tract,76,2001,2641,590000,236.0094238
13135050243,tract,71,2001,3720,770000,227.9957582
13135050244,tract,37,1997,3489,701000,195.2257587
13135050306,tract,28,1984.5,1274,278625,219.0999139
13135050308,tract,51,1995,3033,719780,250.471317
13135050311,tract,79,2001,2230,497500,227.2727273
13135050315,tract,34,1982,1943.5,335000,199.5024753
13135050317,tract,26,1985,1223,244500,201.1447261
13135050318,tract,5,2002,1690,350000,207.1005917
13135050321,tract,55,1982,3488,715000,216.3726571
13135050322,tract,43,1984,3182,750000,238.1652455
13135050323,tract,56,1994,2849,592250,217.2900955
13135050324,tract,33,1996,2348,539900,215.5172414
13135050325,tract,39,1986,2268,405000,209.7315436
13135050326,tract,43,1979,1572,339900,205.2451539
13135050327,tract,36,2004,1645,300500,195.4216131
13135050328,tract,30,1998,1574,313450,202.2871665
13135050329,tract,1,1971,2942,415000,141.0605031
13135050330,tract,30,1968,1528,309000,211.4619895
13135050331,tract,21,1966,1629,360000,226.9662921
13135050332,tract,11,1978,1818,348000,238.3333333
13135050333,tract,11,1983,1698,350000,214.4522145
13135050334,tract,62,1984.5,1867,379950,220.2190171
13135050335,tract,20,1985,2497.5,432000,204.2008833
13135050336,tract,71,1985,2184,400000,193.877551
13135050415,tract,66,1980,2474.5,349450,152.5235216
13135050416,tract,48,1980.5,1723.5,284000,162.8155351
13135050425,tract,60,1982,2596,447500,185.2976279
13135050427,tract,80,1978,2290,422500,176.9351952
13135050430,tract,73,1974,2200,380000,178.7234043
13135050433,tract,13,1985,1925,375000,206.6590126
13135050435,tract,35,1983,1774,366000,203.7444934
13135050437,tract,24,1983,1731.5,345000,213.1206885
13135050438,tract,31,1980,1456,265000,211.7263844
13135050439,tract,3,1985,1524,329600,216.2729659
13135050440,tract,57,1988,1650,300000,191.3875598
13135050441,tract,17,1997,1853,390000,196.091954
13135050442,tract,29,1973,1910,350000,183.4365325
13135050443,tract,53,1986,2354,398000,172.0475786
13135050444,tract,30,1977,2028,370000,193.591472
13135050445,tract,16,2014,1938,360000,190.0720165
13135050446,tract,23,1989,1512,235000,178.6743516
13135050447,tract,18,1981,1584,324950,205.8412698
13135050448,tract,37,1980,1300,280000,188.4191176
13135050449,tract,44,1983,1568,324700,200.6375201
13135050450,tract,24,1977,1730,322000,184.2511779
13135050451,tract,10,1984,1464,305000,203.6779242
13135050452,tract,26,1984,1362,276850,188.6562748
13135050453,tract,24,1981,1759.5,317100,181.8287037
13135050454,tract,19,1983,1619,350000,204.2440318
13135050455,tract,24,1983,1174,225000,193.3760684
13135050456,tract,29,1983,1092,204800,191.8367347
13135050457,tract,62,1983,2719.5,447450,178.5613184
13135050458,tract,49,1975,1884,387118,202.3729947
13135050459,tract,65,1995,1660,350000,200.6420546
13135050460,tract,17,1983,1568,315000,245.5919395
13135050461,tract,36,1973,1978,385500,169.2428348
13135050462,tract,42,1981,2564,440000,174.8734468
13135050463,tract,3,1977,2896,610000,219.2982456
13135050464,tract,43,2005,2578,460000,176.119403
13135050465,tract,62,1973,1873.5,370000,182.2240447
13135050466,tract,45,1974,2002,385000,190.1408451
13135050520,tract,54,1972,1660,337000,185.498618
13135050521,tract,72,1986,2238,390450,181.4490622
13135050522,tract,73,1979,1860,335000,171.6738197
13135050526,tract,33,1985,1584,305000,189.3308081
13135050528,tract,86,1993,2666,460500,170.3951081
13135050529,tract,64,1994,2031,404500,201.6560691
13135050530,tract,69,1994,2358,435000,185.5022831
13135050536,tract,71,1986,1655,330000,192.8066038
13135050537,tract,8,1985,1765,337450,190.6367421
13135050539,tract,73,1990,1820,333000,187.1165644
13135050541,tract,2,1984,1156,228500,199.4936172
13135050542,tract,28,2005,1696,322500,192.2754199
13135050549,tract,70,1990.5,2185.5,402550,183.2730732
13135050550,tract,67,1978,1661,332000,202.2276672
13135050551,tract,35,1996,2446,405000,172.8553137
13135050552,tract,42,1992,2330.5,388750,172.217432
13135050553,tract,43,1993,3026,511600,177.0095793
13135050554,tract,40,1993,2111,361250,194.7054911
13135050555,tract,49,1995,2163,410000,177.4750576
13135050556,tract,46,1994,1792,340000,180.4980821
13135050557,tract,44,1983.5,1891,320000,179.652453
13135050558,tract,26,1990.5,1679.5,304000,193.5804103
13135050559,tract,50,1988,1901,359950,182.1406306
13135050560,tract,28,2002,2935.5,534500,193.716851
13135050561,tract,28,1996,1835.5,368500,198.4199638
13135050562,tract,38,1990,1640,347450,208.0439725
13135050563,tract,33,1991,2118,374999,169.9957501
13135050564,tract,8,1995,1680,332500,208.3333333
13135050565,tract,67,1992,2289,400000,188.4422111
13135050566,tract,58,1995,2278,410000,186.2552289
13135050567,tract,58,2000,1738,347500,195.7987552
13135050568,tract,61,1995,2277,360000,162.5514403
13135050569,tract,70,2002,1763,329650,188.0811637
13135050570,tract,51,1998,2147,375000,177.0736253
13135050571,tract,82,2007,2017,370750,181.5199622
13135050572,tract,58,1987,2178,392450,180.7808717
13135050573,tract,31,1992,2282,400000,171.9645649
13135050574,tract,22,1994,2287.5,412944,187.5973215
13135050575,tract,34,1990,1969,375000,192.5051335
13135050576,tract,19,1986,1410,300000,220.3947368
13135050577,tract,44,1998,1839,326500,180.1605489
13135050578,tract,58,1994,2450,434000,181.1066386
13135050579,tract,53,1990,2368,434000,185.0877193
13135050580,tract,60,2004,2276.5,404500,175.9069569
13135050581,tract,47,1982,1716,322000,189.1447368
13135050582,tract,36,1996.5,2367.5,412500,177.8245468
13135050583,tract,40,2002.5,1957,371000,186.5785087
13135050584,tract,61,2001,2588,446595,185.6148492
13135050585,tract,34,2000,2026,339000,169.8973696
13135050586,tract,57,2001,2465,400000,165.4064272
13135050587,tract,55,2003,2282,379900,172.9704797
13135050588,tract,67,2005,2610,440000,163.9344262
13135050589,tract,43,2003,2161,400000,174.6031746
13135050590,tract,35,1996,2088,375000,166.6666667
13135050591,tract,41,1997,2825,460000,162.4293785
13135050611,tract,58,2002.5,2052,391100,186.099418
13135050612,tract,65,2009,2484,440320,192.3076923
13135050613,tract,43,2002,2443,430000,182.5842697
13135050614,tract,50,2001,2235,396025,180.4672882
13135050615,tract,52,2004,2537.5,447500,187.9018681
13135050616,tract,57,2000,2614,520000,193.5171746
13135050617,tract,175,2007,3264,607500,194.3198804
13135050618,tract,70,2003,3274.5,633175,182.8875552
13135050619,tract,88,2007.5,2989,522500,183.0348671
13135050620,tract,41,1999,2952,535000,194.8590381
13135050621,tract,53,1997,2679,548000,190.9802117
13135050622,tract,45,1992,1755,309000,175.7618378
13135050623,tract,82,2002,2439,429950,174.888563
13135050624,tract,74,2015,2706,463500,165.6717756
13135050625,tract,69,2007,2884,464995,168.8923802
13135050626,tract,114,2010,2711,414200,161.3211229
13135050627,tract,78,2002,2376.5,383500,172.3111611
13135050628,tract,92,2001,2939,472500,155.6438012
13135050629,tract,36,1999,2606,445000,169.8151019
13135050630,tract,56,2004.5,2636,456500,161.7127245
13135050631,tract,111,2001,2592,499900,196.7592593
13135050632,tract,35,2003,2773,492500,189.2127012
13135050633,tract,20,2004,2343,466500,190.5271112
13135050634,tract,131,2007,3052,507000,181.7657242
13135050635,tract,78,2003,2517,509490,194.9821294
13135050636,tract,71,2002,2173,412500,188.7221935
13135050715,tract,84,1985,1956,391500,195.1473428
13135050719,tract,60,1985,1951.5,332450,174.560009
13135050722,tract,45,1987,2040,317000,169.6172249
13135050725,tract,101,1988,1806,323000,173.6381323
13135050729,tract,43,1980,1612,295000,190.5615293
13135050732,tract,100,2003,2062,322000,156.1416803
13135050733,tract,26,1988,2059,345000,170.2745411
13135050734,tract,51,1987,2216,355000,160.8473911
13135050735,tract,56,1998,1940,349500,169.7312588
13135050736,tract,84,2002,2135,365000,170.5757214
13135050737,tract,61,2003,2376,365000,147.581139
13135050738,tract,84,2001,2179,344000,160.5533672
13135050739,tract,63,1997,2245,371000,169.2650334
13135050740,tract,32,1984,1836.5,329750,192.7045537
13135050741,tract,81,2005,2680,455410,174.8392283
13135050742,tract,53,2000,2595,438000,169.4362985
13135050743,tract,56,2001,2400,386500,166.1605006
13135050744,tract,130,2004,2582.5,410000,161.7386141
13135050745,tract,62,2002.5,2829.5,460000,167.0040572
13135050746,tract,79,2002,2341,388000,170.6484642
13135050747,tract,54,2014.5,2182,405000,174.1520635
13135050748,tract,77,2017,2262,410000,180.3885291
13135050749,tract,46,1986,2040.5,320350,157.7095848
13135050750,tract,43,1988,2457,399000,163.7214137
13135050751,tract,51,2000,1835,330000,177.6566757
13135050752,tract,55,1995,2080,348000,171.2328767
13135050753,tract,58,1975,1805.5,316530,173.3692162
13135050754,tract,48,1988,1861,335000,152.7684122
13135050755,tract,37,2001,2298,370000,169.0024732
13135050756,tract,41,1998,3475,610000,181.4031716
13135050757,tract,48,1986,2304,425000,167.6894348
13135050758,tract,73,1974,1992,350000,175.4319654
13135050759,tract,63,1994,2908,435000,167.953668
13135050760,tract,63,1979,2335,380000,181.3914027
13135050761,tract,50,1986,2373.5,435000,181.1759912
13135050762,tract,79,1987,2839,466000,171.3434318
13135050763,tract,63,1986,2294,395000,176.9268056
13135050764,tract,35,1985,2132,359000,184.896847
13135050765,tract,35,1983,2692,430000,163.5420822
13151070109,tract,49,1987,1990,280000,145.1209677
13151070113,tract,53,1985,1431,225000,161.8871415
13151070114,tract,40,1994,2171.5,350000,170.3635048
13151070115,tract,22,1997,2681,342050,138.6017466
13151070116,tract,44,1990.5,1728.5,290000,178.6394349
13151070117,tract,77,1988,1774,262000,155.0707547
13151070118,tract,49,1987,2029,295000,158.8352085
13151070119,tract,65,1996,1452,250000,160.3420631
13151070120,tract,23,1996,1750,275000,156.3218391
13151070121,tract,45,1989,1832,286226,166.790215
13151070122,tract,43,1977,1969,267000,136.6009852
13151070123,tract,12,1999,1474,279500,178.5278515
13151070124,tract,68,2003.5,2012.5,302515,170.6531744
13151070125,tract,66,1979.5,1902,281500,139.2852432
13151070126,tract,43,1985,1459,200000,142.7600272
13151070127,tract,16,2001,2331.5,328500,146.3951037
13151070128,tract,22,1984,1605,246500,143.1218599
13151070204,tract,96,1998.5,2250,384620,158.3399871
13151070206,tract,61,2001,2820,450000,165.8322581
13151070207,tract,39,1999,2040,399000,179.699842
13151070208,tract,92,2000,2522.5,431000,164.3663074
13151070209,tract,75,1996,2324,418000,171.9653179
13151070210,tract,36,1994,2520,395000,170.279921
13151070211,tract,42,2000,2352.5,355000,153.5676963
13151070212,tract,27,1984,1488,213000,145.6043956
13151070213,tract,52,2003.5,2626,436500,168.1737928
13151070214,tract,105,2005,2721,435000,164.2935378
13151070215,tract,22,2003.5,2417.5,412450,182.1950113
13151070216,tract,107,2007,2724,390000,148.1384373
13151070307,tract,93,1999,2181,338000,151.5359741
13151070310,tract,106,1993,2026.5,303950,151.7782229
13151070312,tract,77,2001,1680,254000,148.8212719
13151070313,tract,138,2018,3042.5,433645,152.4902293
13151070314,tract,52,1991,1955,332000,161.7992089
13151070315,tract,56,2001,2910.5,502500,165.2059432
13151070316,tract,48,2005.5,1672,313495,180.2240484
13151070317,tract,46,2000,2010,300600,147.333843
13151070318,tract,30,2003,2024,293700,150.5868113
13151070319,tract,61,2019,2329,332000,145.3400598
13151070320,tract,26,2003.5,1742,314990,171.3393084
13151070321,tract,19,1996,2376,311000,141.8588152
13151070322,tract,66,2004,1888,303950,143.2748538
13151070323,tract,20,2001,1297.5,221280,171.6054014
13151070324,tract,69,2006,1724,260000,141.184573
13151070325,tract,27,1999,2257,380000,159.5121951
13151070405,tract,59,2002,2116,325000,161.0824742
13151070406,tract,111,2016,2149,312500,144.3426724
13151070407,tract,60,2005,2073.5,342300,167.2280603
13151070408,tract,48,1997.5,1672,299950,177.6996294
13151070409,tract,97,2002,1808,304500,172.3706897
13151070410,tract,69,2002,2052,310000,167.5332178
13151070411,tract,68,2004,2303.5,341000,165.1720882
13151070412,tract,84,2018,2192,309500,148.6806849
13151070503,tract,108,2004,2083.5,287000,146.9857077
13151070504,tract,11,1998,1656,258000,160.0318471
13151070505,tract,93,1998,1829,285000,160.5879151
13151070506,tract,68,2006,2242.5,355800,152.6051653
13151070507,tract,27,2012,2665,329000,126.6984943
13151070508,tract,89,2006,3092,405900,143.8406688
13247060101,tract,51,1973,1512,235000,157.8458682
13247060103,tract,31,1986,1885,300000,174.383644
13247060104,tract,48,2000,1661,297500,153.8309035
13247060201,tract,43,1975,1792,280000,164.4736842
13247060203,tract,67,1981,1850,260000,149.274744
13247060204,tract,51,1985,1873,256000,158.4158416
13247060305,tract,48,1985,1570,208500,148.3371614
13247060306,tract,54,2007,2340.5,324500,147.7430945
13247060310,tract,47,1964,1306,215000,156.7783676
13247060311,tract,41,1988,1968,310000,166.6666667
13247060312,tract,28,1991,2684.5,400500,144.4636884
13247060313,tract,47,1985,2353,314000,156.0900716
13247060314,tract,37,1995,1709,300000,160.8430394
13247060315,tract,66,2004,1690,270000,129.4879065
13247060316,tract,61,1984,1612,235000,136.5979381
13247060317,tract,75,1984,1440,229000,156.5656566
13247060318,tract,40,1971,1314.5,234000,161.1772059
13247060403,tract,41,1984,2205,340000,156.4181399
13247060406,tract,72,1986.5,2112.5,300000,148.3294917
13247060407,tract,64,1985,1730,258000,159.4368744
13247060408,tract,62,1994,2412,351750,158.0637443
13247060409,tract,61,1987,1953,300000,154.7552054
13247060410,tract,77,1985,1441,243500,162.1447028
13247060411,tract,30,1985,1858.5,355000,172.0633804
Atlanta Region,region,65583,1991,1897,378500,202.6342452